﻿FilePath	Line	ErrorId	ErrorName	Description
PamperRewardPH\PampersRewards\src\environments\environment.ts	13		CSCAN-GOOG0010 Google API key	[Use Triage Mode (-t) to output matching details.]
PamperRewardPH\PampersRewards\src\environments\environment.prod.ts	9		CSCAN-GOOG0010 Google API key	[Use Triage Mode (-t) to output matching details.]
PG.PampersClub-Services\Infrastructure\PG.Pampers.BaseService\Services\AccessBlob.cs	18		CSCAN-AZURE0060 Azure Storage Account Shared Access Signature	[Use Triage Mode (-t) to output matching details.]
PG.PampersClub-Services\Microservices\PG.LifeStage\PG.Pampers.LifeStage.Command\PG.Pampers.LifeStage.Command.Api\appsettings.Development.json	10		CSCAN-AZURE0020 Azure SQL Connection String	[Use Triage Mode (-t) to output matching details.]
PG.PampersClub-Services\Microservices\PG.LifeStage\PG.Pampers.LifeStage.Command\PG.Pampers.LifeStage.Command.Api\appsettings.json	9		CSCAN-AZURE0020 Azure SQL Connection String	[Use Triage Mode (-t) to output matching details.]
PG.PampersClub-Services\Infrastructure\PG.Pampers.BaseService\JanrainServices\Model\JanrainConstant.cs	66		CSCAN-AZURE0020 Azure SQL Connection String	[Use Triage Mode (-t) to output matching details.]
PG.PampersClub-Services\Infrastructure\PG.Pampers.BaseService\JanrainServices\Model\JanrainConstant.cs	71		CSCAN-GENERAL0060 General Password	[Use Triage Mode (-t) to output matching details.]
PG.PampersClub-Services\Microservices\PG.LifeStage\PG.Pampers.LifeStage.Command\PG.Pampers.LifeStage.Command.Api\appsettings.UAT.json	10		CSCAN-AZURE0020 Azure SQL Connection String	[Use Triage Mode (-t) to output matching details.]
PG.PampersClub-Services\Microservices\PG.LifeStage\PG.Pampers.LifeStage.Query\PG.Pampers.LifeStage.Query.Api\appsettings.Development.json	10		CSCAN-AZURE0020 Azure SQL Connection String	[Use Triage Mode (-t) to output matching details.]
PG.PampersClub-Services\Microservices\PG.LifeStage\PG.Pampers.LifeStage.Query\PG.Pampers.LifeStage.Query.Api\appsettings.json	9		CSCAN-AZURE0020 Azure SQL Connection String	[Use Triage Mode (-t) to output matching details.]
PG.PampersClub-Services\Microservices\PG.LifeStage\PG.Pampers.LifeStage.Query\PG.Pampers.LifeStage.Query.Api\appsettings.UAT.json	10		CSCAN-AZURE0020 Azure SQL Connection String	[Use Triage Mode (-t) to output matching details.]
PG.PampersClub-Services\RestAPIs\PG.Admin\PG.Pampers.AdminAPI\appsettings.json	12		CSCAN-AZURE0070 Azure Storage Account Access Key	[Use Triage Mode (-t) to output matching details.]
PG.PampersClub-Services\RestAPIs\PG.Admin\PG.Pampers.AdminAPI\appsettings.json	9		CSCAN-AZURE0020 Azure SQL Connection String	[Use Triage Mode (-t) to output matching details.]
PG.PampersClub-Services\RestAPIs\PG.Admin\PG.Pampers.AdminAPI\appsettings.json	10		CSCAN-AZURE0020 Azure SQL Connection String	[Use Triage Mode (-t) to output matching details.]
PG.PampersClub-Services\RestAPIs\PG.Admin\PG.Pampers.AdminAPI\appsettings.json	11		CSCAN-AZURE0020 Azure SQL Connection String	[Use Triage Mode (-t) to output matching details.]
PG.PampersClub-Services\RestAPIs\PG.Consumer\PampersIndiaAPI\appsettings.json	45		CSCAN-AZURE0030 Azure Service Bus Shared Access Signature	[Use Triage Mode (-t) to output matching details.]
PG.PampersClub-Services\RestAPIs\PG.Consumer\PampersIndiaAPI\appsettings.json	47		CSCAN-AZURE0030 Azure Service Bus Shared Access Signature	[Use Triage Mode (-t) to output matching details.]
PG.PampersClub-Services\RestAPIs\PG.Consumer\PampersIndiaAPI\appsettings.json	31		CSCAN-AZURE0070 Azure Storage Account Access Key	[Use Triage Mode (-t) to output matching details.]
PG.PampersClub-Services\RestAPIs\PG.Consumer\PampersIndiaAPI\appsettings.json	9		CSCAN-AZURE0020 Azure SQL Connection String	[Use Triage Mode (-t) to output matching details.]
PG.PampersClub-Services\RestAPIs\PG.Consumer\PampersIndiaAPI\appsettings.json	10		CSCAN-AZURE0020 Azure SQL Connection String	[Use Triage Mode (-t) to output matching details.]
PG.PampersClub-Services\RestAPIs\PG.Consumer\PampersIndiaAPI\appsettings.json	11		CSCAN-AZURE0020 Azure SQL Connection String	[Use Triage Mode (-t) to output matching details.]
PG.PampersClub-Services\RestAPIs\PG.Admin\PG.Pampers.AdminAPI\LocalizationSettings\en-US\NonProd-en-US.json	10		CSCAN-AZURE0070 Azure Storage Account Access Key	[Use Triage Mode (-t) to output matching details.]
PG.PampersClub-Services\RestAPIs\PG.Admin\PG.Pampers.AdminAPI\LocalizationSettings\en-US\NonProd-en-US.json	9		CSCAN-AZURE0020 Azure SQL Connection String	[Use Triage Mode (-t) to output matching details.]
PG.PampersClub-Services\RestAPIs\PG.Admin\PG.Pampers.AdminAPI\LocalizationSettings\en-US\Prod-en-US.json	10		CSCAN-AZURE0070 Azure Storage Account Access Key	[Use Triage Mode (-t) to output matching details.]
PG.PampersClub-Services\RestAPIs\PG.Admin\PG.Pampers.AdminAPI\LocalizationSettings\en-US\Prod-en-US.json	9		CSCAN-AZURE0020 Azure SQL Connection String	[Use Triage Mode (-t) to output matching details.]
PG.PampersClub-Services\RestAPIs\PG.Admin\PG.Pampers.AdminAPI\LocalizationSettings\en-US\Uat-en-US.json	10		CSCAN-AZURE0070 Azure Storage Account Access Key	[Use Triage Mode (-t) to output matching details.]
PG.PampersClub-Services\RestAPIs\PG.Admin\PG.Pampers.AdminAPI\LocalizationSettings\en-US\Uat-en-US.json	9		CSCAN-AZURE0020 Azure SQL Connection String	[Use Triage Mode (-t) to output matching details.]
PG.PampersClub-Services\RestAPIs\PG.Admin\PG.Pampers.AdminAPI\LocalizationSettings\fil-PH\NonProd-fil-PH.json	64		CSCAN-AZURE0070 Azure Storage Account Access Key	[Use Triage Mode (-t) to output matching details.]
PG.PampersClub-Services\RestAPIs\PG.Admin\PG.Pampers.AdminAPI\LocalizationSettings\fil-PH\NonProd-fil-PH.json	65		CSCAN-AZURE0020 Azure SQL Connection String	[Use Triage Mode (-t) to output matching details.]
PG.PampersClub-Services\RestAPIs\PG.Admin\PG.Pampers.AdminAPI\LocalizationSettings\fil-PH\NonProd-fil-PH.json	69		CSCAN-GENERAL0130 Client Secret / Api Key	[Use Triage Mode (-t) to output matching details.]
PG.PampersClub-Services\RestAPIs\PG.Admin\PG.Pampers.AdminAPI\LocalizationSettings\fil-PH\Prod-fil-PH.json	39		CSCAN-AZURE0120 Azure Function Master/API Key	[Use Triage Mode (-t) to output matching details.]
PG.PampersClub-Services\RestAPIs\PG.Admin\PG.Pampers.AdminAPI\LocalizationSettings\fil-PH\Prod-fil-PH.json	56		CSCAN-AZURE0070 Azure Storage Account Access Key	[Use Triage Mode (-t) to output matching details.]
PG.PampersClub-Services\RestAPIs\PG.Admin\PG.Pampers.AdminAPI\LocalizationSettings\fil-PH\Prod-fil-PH.json	57		CSCAN-AZURE0020 Azure SQL Connection String	[Use Triage Mode (-t) to output matching details.]
PG.PampersClub-Services\RestAPIs\PG.Admin\PG.Pampers.AdminAPI\LocalizationSettings\fil-PH\Prod-fil-PH.json	61		CSCAN-GENERAL0130 Client Secret / Api Key	[Use Triage Mode (-t) to output matching details.]
PG.PampersClub-Services\RestAPIs\PG.Admin\PG.Pampers.AdminAPI\LocalizationSettings\fil-PH\Uat-fil-PH.json	55		CSCAN-AZURE0070 Azure Storage Account Access Key	[Use Triage Mode (-t) to output matching details.]
PG.PampersClub-Services\RestAPIs\PG.Admin\PG.Pampers.AdminAPI\LocalizationSettings\fil-PH\Uat-fil-PH.json	56		CSCAN-AZURE0020 Azure SQL Connection String	[Use Triage Mode (-t) to output matching details.]
PG.PampersClub-Services\RestAPIs\PG.Admin\PG.Pampers.AdminAPI\LocalizationSettings\fil-PH\Uat-fil-PH.json	60		CSCAN-GENERAL0130 Client Secret / Api Key	[Use Triage Mode (-t) to output matching details.]
PG.PampersClub-Services\RestAPIs\PG.Contentful\PG.PampersIndiaContentfulAPI\local.settings.json	10		CSCAN-AZURE0030 Azure Service Bus Shared Access Signature	[Use Triage Mode (-t) to output matching details.]
PG.PampersClub-Services\RestAPIs\PG.Contentful\PG.PampersIndiaContentfulAPI\local.settings.json	45		CSCAN-AZURE0070 Azure Storage Account Access Key	[Use Triage Mode (-t) to output matching details.]
PG.PampersClub-Services\RestAPIs\PG.Contentful\PG.PampersIndiaContentfulAPI\local.settings.json	50		CSCAN-AZURE0070 Azure Storage Account Access Key	[Use Triage Mode (-t) to output matching details.]
PG.PampersClub-Services\RestAPIs\PG.Contentful\PG.PampersIndiaContentfulAPI\local.settings.json	9		CSCAN-AZURE0020 Azure SQL Connection String	[Use Triage Mode (-t) to output matching details.]
PG.PampersClub-Services\RestAPIs\PG.Contentful\PG.PampersIndiaContentfulAPI\local.settings.json	16		CSCAN-AZURE0020 Azure SQL Connection String	[Use Triage Mode (-t) to output matching details.]
PG.PampersClub-Services\RestAPIs\PG.Contentful\PG.PampersIndiaContentfulAPI\local.settings.json	22		CSCAN-GENERAL0130 Client Secret / Api Key	[Use Triage Mode (-t) to output matching details.]
PG.PampersClub-Services\RestAPIs\PG.Contentful\PG.PampersIndiaContentfulAPI\AzureFunctions\BabyNameUpload.cs	46		CSCAN-GENERAL0130 Client Secret / Api Key	[Use Triage Mode (-t) to output matching details.]
PG.PampersClub-Services\RestAPIs\PG.Contentful\PG.PampersIndiaContentfulAPI\AzureFunctions\BabyNameUpload.cs	47		CSCAN-GENERAL0130 Client Secret / Api Key	[Use Triage Mode (-t) to output matching details.]
PG.PampersClub-Services\RestAPIs\PG.Consumer\PampersIndiaAPI\LocalizationSettings\en-PH\NonProd-en-PH.json	50		CSCAN-AZURE0030 Azure Service Bus Shared Access Signature	[Use Triage Mode (-t) to output matching details.]
PG.PampersClub-Services\RestAPIs\PG.Consumer\PampersIndiaAPI\LocalizationSettings\en-PH\NonProd-en-PH.json	52		CSCAN-AZURE0030 Azure Service Bus Shared Access Signature	[Use Triage Mode (-t) to output matching details.]
PG.PampersClub-Services\RestAPIs\PG.Consumer\PampersIndiaAPI\LocalizationSettings\en-PH\NonProd-en-PH.json	36		CSCAN-AZURE0070 Azure Storage Account Access Key	[Use Triage Mode (-t) to output matching details.]
PG.PampersClub-Services\RestAPIs\PG.Consumer\PampersIndiaAPI\LocalizationSettings\en-PH\NonProd-en-PH.json	9		CSCAN-AZURE0020 Azure SQL Connection String	[Use Triage Mode (-t) to output matching details.]
PG.PampersClub-Services\RestAPIs\PG.Consumer\PampersIndiaAPI\LocalizationSettings\en-PH\NonProd-en-PH.json	110		CSCAN-GENERAL0060 General Password	[Use Triage Mode (-t) to output matching details.]
PG.PampersClub-Services\RestAPIs\PG.Registration\PG.PampersIndiaJanrainAPI\local.settings.json	69		CSCAN-AZURE0070 Azure Storage Account Access Key	[Use Triage Mode (-t) to output matching details.]
PG.PampersClub-Services\RestAPIs\PG.Registration\PG.PampersIndiaJanrainAPI\local.settings.json	165		CSCAN-AZURE0070 Azure Storage Account Access Key	[Use Triage Mode (-t) to output matching details.]
PG.PampersClub-Services\RestAPIs\PG.Registration\PG.PampersIndiaJanrainAPI\local.settings.json	204		CSCAN-AZURE0070 Azure Storage Account Access Key	[Use Triage Mode (-t) to output matching details.]
PG.PampersClub-Services\RestAPIs\PG.Registration\PG.PampersIndiaJanrainAPI\local.settings.json	209		CSCAN-AZURE0070 Azure Storage Account Access Key	[Use Triage Mode (-t) to output matching details.]
PG.PampersClub-Services\RestAPIs\PG.Registration\PG.PampersIndiaJanrainAPI\local.settings.json	218		CSCAN-AZURE0070 Azure Storage Account Access Key	[Use Triage Mode (-t) to output matching details.]
PG.PampersClub-Services\RestAPIs\PG.Registration\PG.PampersIndiaJanrainAPI\local.settings.json	227		CSCAN-AZURE0070 Azure Storage Account Access Key	[Use Triage Mode (-t) to output matching details.]
PG.PampersClub-Services\RestAPIs\PG.Registration\PG.PampersIndiaJanrainAPI\local.settings.json	75		CSCAN-AZURE0020 Azure SQL Connection String	[Use Triage Mode (-t) to output matching details.]
PG.PampersClub-Services\RestAPIs\PG.Registration\PG.PampersIndiaJanrainAPI\local.settings.json	76		CSCAN-AZURE0020 Azure SQL Connection String	[Use Triage Mode (-t) to output matching details.]
PG.PampersClub-Services\RestAPIs\PG.Registration\PG.PampersIndiaJanrainAPI\local.settings.json	77		CSCAN-AZURE0020 Azure SQL Connection String	[Use Triage Mode (-t) to output matching details.]
PG.PampersClub-Services\RestAPIs\PG.Registration\PG.PampersIndiaJanrainAPI\local.settings.json	12		CSCAN-GENERAL0130 Client Secret / Api Key	[Use Triage Mode (-t) to output matching details.]
PG.PampersClub-Services\RestAPIs\PG.Registration\PG.PampersIndiaJanrainAPI\local.settings.json	94		CSCAN-GENERAL0130 Client Secret / Api Key	[Use Triage Mode (-t) to output matching details.]
PG.PampersClub-Services\RestAPIs\PG.Registration\PG.PampersIndiaJanrainAPI\local.settings.json	102		CSCAN-GENERAL0130 Client Secret / Api Key	[Use Triage Mode (-t) to output matching details.]
PG.PampersClub-Services\RestAPIs\PG.Registration\PG.PampersIndiaJanrainAPI\local.settings.json	110		CSCAN-GENERAL0130 Client Secret / Api Key	[Use Triage Mode (-t) to output matching details.]
PG.PampersClub-Services\RestAPIs\PG.Registration\PG.PampersIndiaJanrainAPI\local.settings.json	26		CSCAN-GENERAL0060 General Password	[Use Triage Mode (-t) to output matching details.]
PG.PampersClub-Services\RestAPIs\PG.Registration\PG.PampersIndiaJanrainAPI\local.settings.json	124		CSCAN-GENERAL0060 General Password	[Use Triage Mode (-t) to output matching details.]
PG.PampersClub-Services\RestAPIs\PG.Registration\PG.PampersIndiaJanrainAPI\local.settings.json	174		CSCAN-GENERAL0060 General Password	[Use Triage Mode (-t) to output matching details.]
PG.PampersClub-Services\RestAPIs\PG.Consumer\PampersIndiaAPI\LocalizationSettings\en-PH\Prod-en-PH.json	47		CSCAN-AZURE0030 Azure Service Bus Shared Access Signature	[Use Triage Mode (-t) to output matching details.]
PG.PampersClub-Services\RestAPIs\PG.Consumer\PampersIndiaAPI\LocalizationSettings\en-PH\Prod-en-PH.json	49		CSCAN-AZURE0030 Azure Service Bus Shared Access Signature	[Use Triage Mode (-t) to output matching details.]
PG.PampersClub-Services\RestAPIs\PG.Consumer\PampersIndiaAPI\LocalizationSettings\en-PH\Prod-en-PH.json	33		CSCAN-AZURE0070 Azure Storage Account Access Key	[Use Triage Mode (-t) to output matching details.]
PG.PampersClub-Services\RestAPIs\PG.Consumer\PampersIndiaAPI\LocalizationSettings\en-PH\Prod-en-PH.json	9		CSCAN-AZURE0020 Azure SQL Connection String	[Use Triage Mode (-t) to output matching details.]
PG.PampersClub-Services\RestAPIs\PG.Consumer\PampersIndiaAPI\LocalizationSettings\en-PH\Prod-en-PH.json	107		CSCAN-GENERAL0060 General Password	[Use Triage Mode (-t) to output matching details.]
PG.PampersClub-Services\RestAPIs\PG.Consumer\PampersIndiaAPI\LocalizationSettings\en-PH\Uat-en-PH.json	48		CSCAN-AZURE0030 Azure Service Bus Shared Access Signature	[Use Triage Mode (-t) to output matching details.]
PG.PampersClub-Services\RestAPIs\PG.Consumer\PampersIndiaAPI\LocalizationSettings\en-PH\Uat-en-PH.json	50		CSCAN-AZURE0030 Azure Service Bus Shared Access Signature	[Use Triage Mode (-t) to output matching details.]
PG.PampersClub-Services\RestAPIs\PG.Consumer\PampersIndiaAPI\LocalizationSettings\en-PH\Uat-en-PH.json	34		CSCAN-AZURE0070 Azure Storage Account Access Key	[Use Triage Mode (-t) to output matching details.]
PG.PampersClub-Services\RestAPIs\PG.Consumer\PampersIndiaAPI\LocalizationSettings\en-PH\Uat-en-PH.json	9		CSCAN-AZURE0020 Azure SQL Connection String	[Use Triage Mode (-t) to output matching details.]
PG.PampersClub-Services\RestAPIs\PG.Consumer\PampersIndiaAPI\LocalizationSettings\en-PH\Uat-en-PH.json	108		CSCAN-GENERAL0060 General Password	[Use Triage Mode (-t) to output matching details.]
PG.PampersClub-Services\RestAPIs\PG.Consumer\PampersIndiaAPI\LocalizationSettings\en-US\NonProd-en-US.json	64		CSCAN-AZURE0030 Azure Service Bus Shared Access Signature	[Use Triage Mode (-t) to output matching details.]
PG.PampersClub-Services\RestAPIs\PG.Consumer\PampersIndiaAPI\LocalizationSettings\en-US\NonProd-en-US.json	66		CSCAN-AZURE0030 Azure Service Bus Shared Access Signature	[Use Triage Mode (-t) to output matching details.]
PG.PampersClub-Services\RestAPIs\PG.Consumer\PampersIndiaAPI\LocalizationSettings\en-US\NonProd-en-US.json	10		CSCAN-AZURE0070 Azure Storage Account Access Key	[Use Triage Mode (-t) to output matching details.]
PG.PampersClub-Services\RestAPIs\PG.Consumer\PampersIndiaAPI\LocalizationSettings\en-US\NonProd-en-US.json	9		CSCAN-AZURE0020 Azure SQL Connection String	[Use Triage Mode (-t) to output matching details.]
PG.PampersClub-Services\RestAPIs\PG.Consumer\PampersIndiaAPI\LocalizationSettings\en-US\NonProd-en-US.json	137		CSCAN-GENERAL0060 General Password	[Use Triage Mode (-t) to output matching details.]
PG.PampersClub-Services\RestAPIs\PG.Consumer\PampersIndiaAPI\LocalizationSettings\en-US\Prod-en-US.json	63		CSCAN-AZURE0030 Azure Service Bus Shared Access Signature	[Use Triage Mode (-t) to output matching details.]
PG.PampersClub-Services\RestAPIs\PG.Consumer\PampersIndiaAPI\LocalizationSettings\en-US\Prod-en-US.json	65		CSCAN-AZURE0030 Azure Service Bus Shared Access Signature	[Use Triage Mode (-t) to output matching details.]
PG.PampersClub-Services\RestAPIs\PG.Consumer\PampersIndiaAPI\LocalizationSettings\en-US\Prod-en-US.json	11		CSCAN-AZURE0070 Azure Storage Account Access Key	[Use Triage Mode (-t) to output matching details.]
PG.PampersClub-Services\RestAPIs\PG.Consumer\PampersIndiaAPI\LocalizationSettings\en-US\Prod-en-US.json	9		CSCAN-AZURE0020 Azure SQL Connection String	[Use Triage Mode (-t) to output matching details.]
PG.PampersClub-Services\RestAPIs\PG.Consumer\PampersIndiaAPI\LocalizationSettings\en-US\Prod-en-US.json	137		CSCAN-GENERAL0060 General Password	[Use Triage Mode (-t) to output matching details.]
PG.PampersClub-Services\RestAPIs\PG.Contentful\PG.PampersIndiaContentfulAPI\LocalizationSettings\en-US\NonProd-en-US.json	6		CSCAN-GENERAL0130 Client Secret / Api Key	[Use Triage Mode (-t) to output matching details.]
PG.PampersClub-Services\RestAPIs\PG.Contentful\PG.PampersIndiaContentfulAPI\LocalizationSettings\en-US\Prod-en-US.json	5		CSCAN-GENERAL0130 Client Secret / Api Key	[Use Triage Mode (-t) to output matching details.]
PG.PampersClub-Services\RestAPIs\PG.Contentful\PG.PampersIndiaContentfulAPI\LocalizationSettings\en-US\Uat-en-US.json	5		CSCAN-GENERAL0130 Client Secret / Api Key	[Use Triage Mode (-t) to output matching details.]
PG.PampersClub-Services\RestAPIs\PG.Consumer\PampersIndiaAPI\LocalizationSettings\en-US\Uat-en-US.json	57		CSCAN-AZURE0030 Azure Service Bus Shared Access Signature	[Use Triage Mode (-t) to output matching details.]
PG.PampersClub-Services\RestAPIs\PG.Consumer\PampersIndiaAPI\LocalizationSettings\en-US\Uat-en-US.json	59		CSCAN-AZURE0030 Azure Service Bus Shared Access Signature	[Use Triage Mode (-t) to output matching details.]
PG.PampersClub-Services\RestAPIs\PG.Consumer\PampersIndiaAPI\LocalizationSettings\en-US\Uat-en-US.json	10		CSCAN-AZURE0070 Azure Storage Account Access Key	[Use Triage Mode (-t) to output matching details.]
PG.PampersClub-Services\RestAPIs\PG.Consumer\PampersIndiaAPI\LocalizationSettings\en-US\Uat-en-US.json	9		CSCAN-AZURE0020 Azure SQL Connection String	[Use Triage Mode (-t) to output matching details.]
PG.PampersClub-Services\RestAPIs\PG.Consumer\PampersIndiaAPI\LocalizationSettings\en-US\Uat-en-US.json	130		CSCAN-GENERAL0060 General Password	[Use Triage Mode (-t) to output matching details.]
PG.PampersClub-Services\RestAPIs\PG.Consumer\PampersIndiaAPI\LocalizationSettings\fil-PH\NonProd-fil-PH.json	50		CSCAN-AZURE0030 Azure Service Bus Shared Access Signature	[Use Triage Mode (-t) to output matching details.]
PG.PampersClub-Services\RestAPIs\PG.Consumer\PampersIndiaAPI\LocalizationSettings\fil-PH\NonProd-fil-PH.json	52		CSCAN-AZURE0030 Azure Service Bus Shared Access Signature	[Use Triage Mode (-t) to output matching details.]
PG.PampersClub-Services\RestAPIs\PG.Consumer\PampersIndiaAPI\LocalizationSettings\fil-PH\NonProd-fil-PH.json	36		CSCAN-AZURE0070 Azure Storage Account Access Key	[Use Triage Mode (-t) to output matching details.]
PG.PampersClub-Services\RestAPIs\PG.Consumer\PampersIndiaAPI\LocalizationSettings\fil-PH\NonProd-fil-PH.json	9		CSCAN-AZURE0020 Azure SQL Connection String	[Use Triage Mode (-t) to output matching details.]
PG.PampersClub-Services\RestAPIs\PG.Consumer\PampersIndiaAPI\LocalizationSettings\fil-PH\Prod-fil-PH.json	47		CSCAN-AZURE0030 Azure Service Bus Shared Access Signature	[Use Triage Mode (-t) to output matching details.]
PG.PampersClub-Services\RestAPIs\PG.Consumer\PampersIndiaAPI\LocalizationSettings\fil-PH\Prod-fil-PH.json	49		CSCAN-AZURE0030 Azure Service Bus Shared Access Signature	[Use Triage Mode (-t) to output matching details.]
PG.PampersClub-Services\RestAPIs\PG.Consumer\PampersIndiaAPI\LocalizationSettings\fil-PH\Prod-fil-PH.json	33		CSCAN-AZURE0070 Azure Storage Account Access Key	[Use Triage Mode (-t) to output matching details.]
PG.PampersClub-Services\RestAPIs\PG.Consumer\PampersIndiaAPI\LocalizationSettings\fil-PH\Prod-fil-PH.json	9		CSCAN-AZURE0020 Azure SQL Connection String	[Use Triage Mode (-t) to output matching details.]
PG.PampersClub-Services\RestAPIs\PG.Consumer\PampersIndiaAPI\LocalizationSettings\fil-PH\Uat-fil-PH.json	48		CSCAN-AZURE0030 Azure Service Bus Shared Access Signature	[Use Triage Mode (-t) to output matching details.]
PG.PampersClub-Services\RestAPIs\PG.Consumer\PampersIndiaAPI\LocalizationSettings\fil-PH\Uat-fil-PH.json	50		CSCAN-AZURE0030 Azure Service Bus Shared Access Signature	[Use Triage Mode (-t) to output matching details.]
PG.PampersClub-Services\RestAPIs\PG.Consumer\PampersIndiaAPI\LocalizationSettings\fil-PH\Uat-fil-PH.json	34		CSCAN-AZURE0070 Azure Storage Account Access Key	[Use Triage Mode (-t) to output matching details.]
PG.PampersClub-Services\RestAPIs\PG.Consumer\PampersIndiaAPI\LocalizationSettings\fil-PH\Uat-fil-PH.json	9		CSCAN-AZURE0020 Azure SQL Connection String	[Use Triage Mode (-t) to output matching details.]
PG.PampersClub-Services\RestAPIs\PG.Consumer\PampersIndiaAPI\Services\AccessBlob.cs	19		CSCAN-AZURE0060 Azure Storage Account Shared Access Signature	[Use Triage Mode (-t) to output matching details.]
PG.PampersClub-Services\WebJobs\Notifications\Article_PostPregnancyNotification\appsettings.json	6		CSCAN-AZURE0030 Azure Service Bus Shared Access Signature	[Use Triage Mode (-t) to output matching details.]
PG.PampersClub-Services\WebJobs\Notifications\Article_PostPregnancyNotification\appsettings.json	9		CSCAN-AZURE0030 Azure Service Bus Shared Access Signature	[Use Triage Mode (-t) to output matching details.]
PG.PampersClub-Services\WebJobs\Notifications\Article_PostPregnancyNotification\appsettings.json	14		CSCAN-AZURE0020 Azure SQL Connection String	[Use Triage Mode (-t) to output matching details.]
PG.PampersClub-Services\WebJobs\Notifications\Article_PostPregnancyNotification\appsettings.json	15		CSCAN-AZURE0020 Azure SQL Connection String	[Use Triage Mode (-t) to output matching details.]
PG.PampersClub-Services\WebJobs\Notifications\Article_PregnancyNotification\appsettings.json	6		CSCAN-AZURE0030 Azure Service Bus Shared Access Signature	[Use Triage Mode (-t) to output matching details.]
PG.PampersClub-Services\WebJobs\Notifications\Article_PregnancyNotification\appsettings.json	9		CSCAN-AZURE0030 Azure Service Bus Shared Access Signature	[Use Triage Mode (-t) to output matching details.]
PG.PampersClub-Services\WebJobs\Notifications\Article_PregnancyNotification\appsettings.json	14		CSCAN-AZURE0020 Azure SQL Connection String	[Use Triage Mode (-t) to output matching details.]
PG.PampersClub-Services\WebJobs\Notifications\Article_PregnancyNotification\appsettings.json	15		CSCAN-AZURE0020 Azure SQL Connection String	[Use Triage Mode (-t) to output matching details.]
PG.PampersClub-Services\RestAPIs\PG.Registration\PG.PampersIndiaJanrainAPI\LocalizationSettings\en-US\NonProd-en-US.json	60		CSCAN-AZURE0070 Azure Storage Account Access Key	[Use Triage Mode (-t) to output matching details.]
PG.PampersClub-Services\RestAPIs\PG.Registration\PG.PampersIndiaJanrainAPI\LocalizationSettings\en-US\NonProd-en-US.json	61		CSCAN-AZURE0020 Azure SQL Connection String	[Use Triage Mode (-t) to output matching details.]
PG.PampersClub-Services\RestAPIs\PG.Registration\PG.PampersIndiaJanrainAPI\LocalizationSettings\en-US\NonProd-en-US.json	65		CSCAN-GENERAL0130 Client Secret / Api Key	[Use Triage Mode (-t) to output matching details.]
PG.PampersClub-Services\WebJobs\Notifications\BabyShowerIdeas_Notification\appsettings.json	6		CSCAN-AZURE0030 Azure Service Bus Shared Access Signature	[Use Triage Mode (-t) to output matching details.]
PG.PampersClub-Services\WebJobs\Notifications\BabyShowerIdeas_Notification\appsettings.json	9		CSCAN-AZURE0030 Azure Service Bus Shared Access Signature	[Use Triage Mode (-t) to output matching details.]
PG.PampersClub-Services\WebJobs\Notifications\BabyShowerIdeas_Notification\appsettings.json	14		CSCAN-AZURE0020 Azure SQL Connection String	[Use Triage Mode (-t) to output matching details.]
PG.PampersClub-Services\WebJobs\Notifications\BabyShowerIdeas_Notification\appsettings.json	15		CSCAN-AZURE0020 Azure SQL Connection String	[Use Triage Mode (-t) to output matching details.]
PG.PampersClub-Services\RestAPIs\PG.Registration\PG.PampersIndiaJanrainAPI\LocalizationSettings\en-US\Prod-en-US.json	57		CSCAN-AZURE0070 Azure Storage Account Access Key	[Use Triage Mode (-t) to output matching details.]
PG.PampersClub-Services\RestAPIs\PG.Registration\PG.PampersIndiaJanrainAPI\LocalizationSettings\en-US\Prod-en-US.json	58		CSCAN-AZURE0020 Azure SQL Connection String	[Use Triage Mode (-t) to output matching details.]
PG.PampersClub-Services\RestAPIs\PG.Registration\PG.PampersIndiaJanrainAPI\LocalizationSettings\en-US\Prod-en-US.json	62		CSCAN-GENERAL0130 Client Secret / Api Key	[Use Triage Mode (-t) to output matching details.]
PG.PampersClub-Services\RestAPIs\PG.Registration\PG.PampersIndiaJanrainAPI\LocalizationSettings\en-US\Uat-en-US.json	54		CSCAN-AZURE0070 Azure Storage Account Access Key	[Use Triage Mode (-t) to output matching details.]
PG.PampersClub-Services\RestAPIs\PG.Registration\PG.PampersIndiaJanrainAPI\LocalizationSettings\en-US\Uat-en-US.json	55		CSCAN-AZURE0020 Azure SQL Connection String	[Use Triage Mode (-t) to output matching details.]
PG.PampersClub-Services\RestAPIs\PG.Registration\PG.PampersIndiaJanrainAPI\LocalizationSettings\en-US\Uat-en-US.json	59		CSCAN-GENERAL0130 Client Secret / Api Key	[Use Triage Mode (-t) to output matching details.]
PG.PampersClub-Services\RestAPIs\PG.Registration\PG.PampersIndiaJanrainAPI\LocalizationSettings\fil-PH\NonProd-fil-PH.json	64		CSCAN-AZURE0070 Azure Storage Account Access Key	[Use Triage Mode (-t) to output matching details.]
PG.PampersClub-Services\RestAPIs\PG.Registration\PG.PampersIndiaJanrainAPI\LocalizationSettings\fil-PH\NonProd-fil-PH.json	65		CSCAN-AZURE0020 Azure SQL Connection String	[Use Triage Mode (-t) to output matching details.]
PG.PampersClub-Services\RestAPIs\PG.Registration\PG.PampersIndiaJanrainAPI\LocalizationSettings\fil-PH\NonProd-fil-PH.json	69		CSCAN-GENERAL0130 Client Secret / Api Key	[Use Triage Mode (-t) to output matching details.]
PG.PampersClub-Services\WebJobs\Notifications\BirthdayMilestone_Notification\appsettings.json	6		CSCAN-AZURE0030 Azure Service Bus Shared Access Signature	[Use Triage Mode (-t) to output matching details.]
PG.PampersClub-Services\WebJobs\Notifications\BirthdayMilestone_Notification\appsettings.json	9		CSCAN-AZURE0030 Azure Service Bus Shared Access Signature	[Use Triage Mode (-t) to output matching details.]
PG.PampersClub-Services\WebJobs\Notifications\BirthdayMilestone_Notification\appsettings.json	14		CSCAN-AZURE0020 Azure SQL Connection String	[Use Triage Mode (-t) to output matching details.]
PG.PampersClub-Services\WebJobs\Notifications\BirthdayMilestone_Notification\appsettings.json	15		CSCAN-AZURE0020 Azure SQL Connection String	[Use Triage Mode (-t) to output matching details.]
PG.PampersClub-Services\RestAPIs\PG.Registration\PG.PampersIndiaJanrainAPI\LocalizationSettings\fil-PH\Prod-fil-PH.json	39		CSCAN-AZURE0120 Azure Function Master/API Key	[Use Triage Mode (-t) to output matching details.]
PG.PampersClub-Services\RestAPIs\PG.Registration\PG.PampersIndiaJanrainAPI\LocalizationSettings\fil-PH\Prod-fil-PH.json	56		CSCAN-AZURE0070 Azure Storage Account Access Key	[Use Triage Mode (-t) to output matching details.]
PG.PampersClub-Services\RestAPIs\PG.Registration\PG.PampersIndiaJanrainAPI\LocalizationSettings\fil-PH\Prod-fil-PH.json	57		CSCAN-AZURE0020 Azure SQL Connection String	[Use Triage Mode (-t) to output matching details.]
PG.PampersClub-Services\RestAPIs\PG.Registration\PG.PampersIndiaJanrainAPI\LocalizationSettings\fil-PH\Prod-fil-PH.json	61		CSCAN-GENERAL0130 Client Secret / Api Key	[Use Triage Mode (-t) to output matching details.]
PG.PampersClub-Services\RestAPIs\PG.Registration\PG.PampersIndiaJanrainAPI\LocalizationSettings\fil-PH\Uat-fil-PH.json	55		CSCAN-AZURE0070 Azure Storage Account Access Key	[Use Triage Mode (-t) to output matching details.]
PG.PampersClub-Services\RestAPIs\PG.Registration\PG.PampersIndiaJanrainAPI\LocalizationSettings\fil-PH\Uat-fil-PH.json	56		CSCAN-AZURE0020 Azure SQL Connection String	[Use Triage Mode (-t) to output matching details.]
PG.PampersClub-Services\RestAPIs\PG.Registration\PG.PampersIndiaJanrainAPI\LocalizationSettings\fil-PH\Uat-fil-PH.json	60		CSCAN-GENERAL0130 Client Secret / Api Key	[Use Triage Mode (-t) to output matching details.]
PG.PampersClub-Services\WebJobs\Notifications\BuyPampers_Notification\appsettings.json	6		CSCAN-AZURE0030 Azure Service Bus Shared Access Signature	[Use Triage Mode (-t) to output matching details.]
PG.PampersClub-Services\WebJobs\Notifications\BuyPampers_Notification\appsettings.json	9		CSCAN-AZURE0030 Azure Service Bus Shared Access Signature	[Use Triage Mode (-t) to output matching details.]
PG.PampersClub-Services\WebJobs\Notifications\BuyPampers_Notification\appsettings.json	14		CSCAN-AZURE0020 Azure SQL Connection String	[Use Triage Mode (-t) to output matching details.]
PG.PampersClub-Services\WebJobs\Notifications\BuyPampers_Notification\appsettings.json	15		CSCAN-AZURE0020 Azure SQL Connection String	[Use Triage Mode (-t) to output matching details.]
PG.PampersClub-Services\RestAPIs\PG.Registration\PG.PampersIndiaJanrainAPI\Neustar\NeustarTigger.cs	201		CSCAN-AWS0010 Amazon S3 Client Secret Access Key	[Use Triage Mode (-t) to output matching details.]
PG.PampersClub-Services\RestAPIs\PG.Consumer\PampersIndiaAPI\Services\SendNotification.cs	13		CSCAN-AZURE0030 Azure Service Bus Shared Access Signature	[Use Triage Mode (-t) to output matching details.]
PG.PampersClub-Services\RestAPIs\PG.Consumer\PampersIndiaAPI\Services\SendNotification.cs	33		CSCAN-AZURE0030 Azure Service Bus Shared Access Signature	[Use Triage Mode (-t) to output matching details.]
PG.PampersClub-Services\RestAPIs\PG.Consumer\PampersIndiaAPI\Services\SendNotification.cs	57		CSCAN-AZURE0030 Azure Service Bus Shared Access Signature	[Use Triage Mode (-t) to output matching details.]
PG.PampersClub-Services\RestAPIs\PG.Consumer\PampersIndiaAPI\Services\SendNotification.cs	77		CSCAN-AZURE0030 Azure Service Bus Shared Access Signature	[Use Triage Mode (-t) to output matching details.]
PG.PampersClub-Services\RestAPIs\PG.Consumer\PampersIndiaAPI\Services\SendNotification.cs	103		CSCAN-AZURE0130 Azure Shared Access Key / Web Hook Token	[Use Triage Mode (-t) to output matching details.]
PG.PampersClub-Services\RestAPIs\PG.Consumer\PampersIndiaAPI\Services\SendNotification.cs	106		CSCAN-AZURE0130 Azure Shared Access Key / Web Hook Token	[Use Triage Mode (-t) to output matching details.]
PG.PampersClub-Services\RestAPIs\PG.Registration\PG.PampersIndiaJanrainAPI\Neustar\NeustarTimeTigger.cs	203		CSCAN-AWS0010 Amazon S3 Client Secret Access Key	[Use Triage Mode (-t) to output matching details.]
PG.PampersClub-Services\WebJobs\Notifications\CuteBabyPhotos_Notification\appsettings.json	6		CSCAN-AZURE0030 Azure Service Bus Shared Access Signature	[Use Triage Mode (-t) to output matching details.]
PG.PampersClub-Services\WebJobs\Notifications\CuteBabyPhotos_Notification\appsettings.json	9		CSCAN-AZURE0030 Azure Service Bus Shared Access Signature	[Use Triage Mode (-t) to output matching details.]
PG.PampersClub-Services\WebJobs\Notifications\CuteBabyPhotos_Notification\appsettings.json	14		CSCAN-AZURE0020 Azure SQL Connection String	[Use Triage Mode (-t) to output matching details.]
PG.PampersClub-Services\WebJobs\Notifications\CuteBabyPhotos_Notification\appsettings.json	15		CSCAN-AZURE0020 Azure SQL Connection String	[Use Triage Mode (-t) to output matching details.]
PG.PampersClub-Services\WebJobs\Notifications\DailyTip_PostPregnancyDadNotification\appsettings.json	6		CSCAN-AZURE0030 Azure Service Bus Shared Access Signature	[Use Triage Mode (-t) to output matching details.]
PG.PampersClub-Services\WebJobs\Notifications\DailyTip_PostPregnancyDadNotification\appsettings.json	9		CSCAN-AZURE0030 Azure Service Bus Shared Access Signature	[Use Triage Mode (-t) to output matching details.]
PG.PampersClub-Services\WebJobs\Notifications\DailyTip_PostPregnancyDadNotification\appsettings.json	14		CSCAN-AZURE0020 Azure SQL Connection String	[Use Triage Mode (-t) to output matching details.]
PG.PampersClub-Services\WebJobs\Notifications\DailyTip_PostPregnancyDadNotification\appsettings.json	15		CSCAN-AZURE0020 Azure SQL Connection String	[Use Triage Mode (-t) to output matching details.]
PG.PampersClub-Services\RestAPIs\PG.Registration\PG.PampersIndiaJanrainAPI\Services\AuthorizationRequest.cs	18		CSCAN-GENERAL0060 General Password	[Use Triage Mode (-t) to output matching details.]
PG.PampersClub-Services\RestAPIs\PG.Consumer\PampersIndiaAPI\Services\WebhookSP.cs	141		CSCAN-AZURE0030 Azure Service Bus Shared Access Signature	[Use Triage Mode (-t) to output matching details.]
PG.PampersClub-Services\RestAPIs\PG.Consumer\PampersIndiaAPI\Services\WebhookSP.cs	144		CSCAN-AZURE0030 Azure Service Bus Shared Access Signature	[Use Triage Mode (-t) to output matching details.]
PG.PampersClub-Services\RestAPIs\PG.Consumer\PampersIndiaAPI\Services\WebhookSP.cs	189		CSCAN-AZURE0030 Azure Service Bus Shared Access Signature	[Use Triage Mode (-t) to output matching details.]
PG.PampersClub-Services\RestAPIs\PG.Consumer\PampersIndiaAPI\Services\WebhookSP.cs	192		CSCAN-AZURE0030 Azure Service Bus Shared Access Signature	[Use Triage Mode (-t) to output matching details.]
PG.PampersClub-Services\WebJobs\Notifications\DailyTip_PostPregnancyMomNotification\appsettings.json	6		CSCAN-AZURE0030 Azure Service Bus Shared Access Signature	[Use Triage Mode (-t) to output matching details.]
PG.PampersClub-Services\WebJobs\Notifications\DailyTip_PostPregnancyMomNotification\appsettings.json	9		CSCAN-AZURE0030 Azure Service Bus Shared Access Signature	[Use Triage Mode (-t) to output matching details.]
PG.PampersClub-Services\WebJobs\Notifications\DailyTip_PostPregnancyMomNotification\appsettings.json	14		CSCAN-AZURE0020 Azure SQL Connection String	[Use Triage Mode (-t) to output matching details.]
PG.PampersClub-Services\WebJobs\Notifications\DailyTip_PostPregnancyMomNotification\appsettings.json	15		CSCAN-AZURE0020 Azure SQL Connection String	[Use Triage Mode (-t) to output matching details.]
PG.PampersClub-Services\WebJobs\Notifications\InstantaneousNotification\appsettings.json	6		CSCAN-AZURE0030 Azure Service Bus Shared Access Signature	[Use Triage Mode (-t) to output matching details.]
PG.PampersClub-Services\WebJobs\Notifications\InstantaneousNotification\appsettings.json	9		CSCAN-AZURE0030 Azure Service Bus Shared Access Signature	[Use Triage Mode (-t) to output matching details.]
PG.PampersClub-Services\WebJobs\Notifications\InstantaneousNotification\appsettings.json	14		CSCAN-AZURE0020 Azure SQL Connection String	[Use Triage Mode (-t) to output matching details.]
PG.PampersClub-Services\WebJobs\Notifications\InstantaneousNotification\appsettings.json	15		CSCAN-AZURE0020 Azure SQL Connection String	[Use Triage Mode (-t) to output matching details.]
PG.PampersClub-Services\WebJobs\Notifications\YourBabyBumpPhotos_Notification\appsettings.json	6		CSCAN-AZURE0030 Azure Service Bus Shared Access Signature	[Use Triage Mode (-t) to output matching details.]
PG.PampersClub-Services\WebJobs\Notifications\YourBabyBumpPhotos_Notification\appsettings.json	9		CSCAN-AZURE0030 Azure Service Bus Shared Access Signature	[Use Triage Mode (-t) to output matching details.]
PG.PampersClub-Services\WebJobs\Notifications\YourBabyBumpPhotos_Notification\appsettings.json	14		CSCAN-AZURE0020 Azure SQL Connection String	[Use Triage Mode (-t) to output matching details.]
PG.PampersClub-Services\WebJobs\Notifications\YourBabyBumpPhotos_Notification\appsettings.json	15		CSCAN-AZURE0020 Azure SQL Connection String	[Use Triage Mode (-t) to output matching details.]
PG.PampersClub-Services\WebJobs\Notifications\DailyTip_PregnancyDadNotification\appsettings.json	6		CSCAN-AZURE0030 Azure Service Bus Shared Access Signature	[Use Triage Mode (-t) to output matching details.]
PG.PampersClub-Services\WebJobs\Notifications\DailyTip_PregnancyDadNotification\appsettings.json	9		CSCAN-AZURE0030 Azure Service Bus Shared Access Signature	[Use Triage Mode (-t) to output matching details.]
PG.PampersClub-Services\WebJobs\Notifications\DailyTip_PregnancyDadNotification\appsettings.json	14		CSCAN-AZURE0020 Azure SQL Connection String	[Use Triage Mode (-t) to output matching details.]
PG.PampersClub-Services\WebJobs\Notifications\DailyTip_PregnancyDadNotification\appsettings.json	15		CSCAN-AZURE0020 Azure SQL Connection String	[Use Triage Mode (-t) to output matching details.]
PG.PampersClub-Services\WebJobs\Notifications\LoginToWinPrizes_Notification\appsettings.json	6		CSCAN-AZURE0030 Azure Service Bus Shared Access Signature	[Use Triage Mode (-t) to output matching details.]
PG.PampersClub-Services\WebJobs\Notifications\LoginToWinPrizes_Notification\appsettings.json	9		CSCAN-AZURE0030 Azure Service Bus Shared Access Signature	[Use Triage Mode (-t) to output matching details.]
PG.PampersClub-Services\WebJobs\Notifications\LoginToWinPrizes_Notification\appsettings.json	14		CSCAN-AZURE0020 Azure SQL Connection String	[Use Triage Mode (-t) to output matching details.]
PG.PampersClub-Services\WebJobs\Notifications\LoginToWinPrizes_Notification\appsettings.json	15		CSCAN-AZURE0020 Azure SQL Connection String	[Use Triage Mode (-t) to output matching details.]
PG.PampersClub-Services\WebJobs\Notifications\YourBabyThisMonth_Notification\appsettings.json	6		CSCAN-AZURE0030 Azure Service Bus Shared Access Signature	[Use Triage Mode (-t) to output matching details.]
PG.PampersClub-Services\WebJobs\Notifications\YourBabyThisMonth_Notification\appsettings.json	9		CSCAN-AZURE0030 Azure Service Bus Shared Access Signature	[Use Triage Mode (-t) to output matching details.]
PG.PampersClub-Services\WebJobs\Notifications\YourBabyThisMonth_Notification\appsettings.json	14		CSCAN-AZURE0020 Azure SQL Connection String	[Use Triage Mode (-t) to output matching details.]
PG.PampersClub-Services\WebJobs\Notifications\YourBabyThisMonth_Notification\appsettings.json	15		CSCAN-AZURE0020 Azure SQL Connection String	[Use Triage Mode (-t) to output matching details.]
PG.PampersClub-Services\WebJobs\Notifications\DailyTip_PregnancyMomNotification\appsettings.json	6		CSCAN-AZURE0030 Azure Service Bus Shared Access Signature	[Use Triage Mode (-t) to output matching details.]
PG.PampersClub-Services\WebJobs\Notifications\DailyTip_PregnancyMomNotification\appsettings.json	9		CSCAN-AZURE0030 Azure Service Bus Shared Access Signature	[Use Triage Mode (-t) to output matching details.]
PG.PampersClub-Services\WebJobs\Notifications\DailyTip_PregnancyMomNotification\appsettings.json	14		CSCAN-AZURE0020 Azure SQL Connection String	[Use Triage Mode (-t) to output matching details.]
PG.PampersClub-Services\WebJobs\Notifications\DailyTip_PregnancyMomNotification\appsettings.json	15		CSCAN-AZURE0020 Azure SQL Connection String	[Use Triage Mode (-t) to output matching details.]
PG.PampersClub-Services\WebJobs\Notifications\LuckyDrawWinner_Notification\appsettings.json	6		CSCAN-AZURE0030 Azure Service Bus Shared Access Signature	[Use Triage Mode (-t) to output matching details.]
PG.PampersClub-Services\WebJobs\Notifications\LuckyDrawWinner_Notification\appsettings.json	9		CSCAN-AZURE0030 Azure Service Bus Shared Access Signature	[Use Triage Mode (-t) to output matching details.]
PG.PampersClub-Services\WebJobs\Notifications\LuckyDrawWinner_Notification\appsettings.json	14		CSCAN-AZURE0020 Azure SQL Connection String	[Use Triage Mode (-t) to output matching details.]
PG.PampersClub-Services\WebJobs\Notifications\LuckyDrawWinner_Notification\appsettings.json	15		CSCAN-AZURE0020 Azure SQL Connection String	[Use Triage Mode (-t) to output matching details.]
PG.PampersClub-Services\WebJobs\Notifications\LuckyDrawWinner_Notification\Program.cs	17		CSCAN-GENERAL0130 Client Secret / Api Key	[Use Triage Mode (-t) to output matching details.]
PG.PampersClub-Services\WebJobs\Notifications\YourDueDate_Notification\appsettings.json	6		CSCAN-AZURE0030 Azure Service Bus Shared Access Signature	[Use Triage Mode (-t) to output matching details.]
PG.PampersClub-Services\WebJobs\Notifications\YourDueDate_Notification\appsettings.json	9		CSCAN-AZURE0030 Azure Service Bus Shared Access Signature	[Use Triage Mode (-t) to output matching details.]
PG.PampersClub-Services\WebJobs\Notifications\YourDueDate_Notification\appsettings.json	14		CSCAN-AZURE0020 Azure SQL Connection String	[Use Triage Mode (-t) to output matching details.]
PG.PampersClub-Services\WebJobs\Notifications\YourDueDate_Notification\appsettings.json	15		CSCAN-AZURE0020 Azure SQL Connection String	[Use Triage Mode (-t) to output matching details.]
PG.PampersClub-Services\WebJobs\Notifications\DueDateIsCrossed_ConfettiData\appsettings.json	6		CSCAN-AZURE0030 Azure Service Bus Shared Access Signature	[Use Triage Mode (-t) to output matching details.]
PG.PampersClub-Services\WebJobs\Notifications\DueDateIsCrossed_ConfettiData\appsettings.json	9		CSCAN-AZURE0030 Azure Service Bus Shared Access Signature	[Use Triage Mode (-t) to output matching details.]
PG.PampersClub-Services\WebJobs\Notifications\DueDateIsCrossed_ConfettiData\appsettings.json	14		CSCAN-AZURE0020 Azure SQL Connection String	[Use Triage Mode (-t) to output matching details.]
PG.PampersClub-Services\WebJobs\Notifications\DueDateIsCrossed_ConfettiData\appsettings.json	15		CSCAN-AZURE0020 Azure SQL Connection String	[Use Triage Mode (-t) to output matching details.]
PG.PampersClub-Services\WebJobs\Notifications\PostBuyPampers_Notification\appsettings.json	6		CSCAN-AZURE0030 Azure Service Bus Shared Access Signature	[Use Triage Mode (-t) to output matching details.]
PG.PampersClub-Services\WebJobs\Notifications\PostBuyPampers_Notification\appsettings.json	9		CSCAN-AZURE0030 Azure Service Bus Shared Access Signature	[Use Triage Mode (-t) to output matching details.]
PG.PampersClub-Services\WebJobs\Notifications\PostBuyPampers_Notification\appsettings.json	14		CSCAN-AZURE0020 Azure SQL Connection String	[Use Triage Mode (-t) to output matching details.]
PG.PampersClub-Services\WebJobs\Notifications\PostBuyPampers_Notification\appsettings.json	15		CSCAN-AZURE0020 Azure SQL Connection String	[Use Triage Mode (-t) to output matching details.]
PG.PampersClub-Services\RestAPIs\PG.Registration\PG.PampersIndiaJanrainAPI\ViewModel\Constant.cs	142		CSCAN-GENERAL0130 Client Secret / Api Key	[Use Triage Mode (-t) to output matching details.]
PG.PampersClub-Services\WebJobs\Notifications\FindBabyName_Notification\appsettings.json	6		CSCAN-AZURE0030 Azure Service Bus Shared Access Signature	[Use Triage Mode (-t) to output matching details.]
PG.PampersClub-Services\WebJobs\Notifications\FindBabyName_Notification\appsettings.json	9		CSCAN-AZURE0030 Azure Service Bus Shared Access Signature	[Use Triage Mode (-t) to output matching details.]
PG.PampersClub-Services\WebJobs\Notifications\FindBabyName_Notification\appsettings.json	14		CSCAN-AZURE0020 Azure SQL Connection String	[Use Triage Mode (-t) to output matching details.]
PG.PampersClub-Services\WebJobs\Notifications\FindBabyName_Notification\appsettings.json	15		CSCAN-AZURE0020 Azure SQL Connection String	[Use Triage Mode (-t) to output matching details.]
PG.PampersClub-Services\WebJobs\Notifications\PostFindBabyName_Notification\appsettings.json	6		CSCAN-AZURE0030 Azure Service Bus Shared Access Signature	[Use Triage Mode (-t) to output matching details.]
PG.PampersClub-Services\WebJobs\Notifications\PostFindBabyName_Notification\appsettings.json	9		CSCAN-AZURE0030 Azure Service Bus Shared Access Signature	[Use Triage Mode (-t) to output matching details.]
PG.PampersClub-Services\WebJobs\Notifications\PostFindBabyName_Notification\appsettings.json	14		CSCAN-AZURE0020 Azure SQL Connection String	[Use Triage Mode (-t) to output matching details.]
PG.PampersClub-Services\WebJobs\Notifications\PostFindBabyName_Notification\appsettings.json	15		CSCAN-AZURE0020 Azure SQL Connection String	[Use Triage Mode (-t) to output matching details.]
PG.PampersClub-Services\WebJobs\NotificationsPH\DailyTip_PostPregnancyDadNotification\appsettings.json	6		CSCAN-AZURE0030 Azure Service Bus Shared Access Signature	[Use Triage Mode (-t) to output matching details.]
PG.PampersClub-Services\WebJobs\NotificationsPH\DailyTip_PostPregnancyDadNotification\appsettings.json	9		CSCAN-AZURE0030 Azure Service Bus Shared Access Signature	[Use Triage Mode (-t) to output matching details.]
PG.PampersClub-Services\WebJobs\NotificationsPH\DailyTip_PostPregnancyDadNotification\appsettings.json	14		CSCAN-AZURE0020 Azure SQL Connection String	[Use Triage Mode (-t) to output matching details.]
PG.PampersClub-Services\WebJobs\NotificationsPH\DailyTip_PostPregnancyDadNotification\appsettings.json	15		CSCAN-AZURE0020 Azure SQL Connection String	[Use Triage Mode (-t) to output matching details.]
PG.PampersClub-Services\WebJobs\Notifications\GetCountOf_MobileNotification\appsettings.json	6		CSCAN-AZURE0030 Azure Service Bus Shared Access Signature	[Use Triage Mode (-t) to output matching details.]
PG.PampersClub-Services\WebJobs\Notifications\GetCountOf_MobileNotification\appsettings.json	9		CSCAN-AZURE0030 Azure Service Bus Shared Access Signature	[Use Triage Mode (-t) to output matching details.]
PG.PampersClub-Services\WebJobs\Notifications\GetCountOf_MobileNotification\appsettings.json	14		CSCAN-AZURE0020 Azure SQL Connection String	[Use Triage Mode (-t) to output matching details.]
PG.PampersClub-Services\WebJobs\Notifications\GetCountOf_MobileNotification\appsettings.json	15		CSCAN-AZURE0020 Azure SQL Connection String	[Use Triage Mode (-t) to output matching details.]
PG.PampersClub-Services\WebJobs\Notifications\PostLoginToWinPrizes_Notification\appsettings.json	6		CSCAN-AZURE0030 Azure Service Bus Shared Access Signature	[Use Triage Mode (-t) to output matching details.]
PG.PampersClub-Services\WebJobs\Notifications\PostLoginToWinPrizes_Notification\appsettings.json	9		CSCAN-AZURE0030 Azure Service Bus Shared Access Signature	[Use Triage Mode (-t) to output matching details.]
PG.PampersClub-Services\WebJobs\Notifications\PostLoginToWinPrizes_Notification\appsettings.json	14		CSCAN-AZURE0020 Azure SQL Connection String	[Use Triage Mode (-t) to output matching details.]
PG.PampersClub-Services\WebJobs\Notifications\PostLoginToWinPrizes_Notification\appsettings.json	15		CSCAN-AZURE0020 Azure SQL Connection String	[Use Triage Mode (-t) to output matching details.]
PG.PampersClub-Services\WebJobs\NotificationsPH\DailyTip_PostPregnancyMomNotification\appsettings.json	6		CSCAN-AZURE0030 Azure Service Bus Shared Access Signature	[Use Triage Mode (-t) to output matching details.]
PG.PampersClub-Services\WebJobs\NotificationsPH\DailyTip_PostPregnancyMomNotification\appsettings.json	9		CSCAN-AZURE0030 Azure Service Bus Shared Access Signature	[Use Triage Mode (-t) to output matching details.]
PG.PampersClub-Services\WebJobs\NotificationsPH\DailyTip_PostPregnancyMomNotification\appsettings.json	14		CSCAN-AZURE0020 Azure SQL Connection String	[Use Triage Mode (-t) to output matching details.]
PG.PampersClub-Services\WebJobs\NotificationsPH\DailyTip_PostPregnancyMomNotification\appsettings.json	15		CSCAN-AZURE0020 Azure SQL Connection String	[Use Triage Mode (-t) to output matching details.]
PG.PampersClub-Services\WebJobs\Notifications\HospitalBagList_Notification\appsettings.json	6		CSCAN-AZURE0030 Azure Service Bus Shared Access Signature	[Use Triage Mode (-t) to output matching details.]
PG.PampersClub-Services\WebJobs\Notifications\HospitalBagList_Notification\appsettings.json	9		CSCAN-AZURE0030 Azure Service Bus Shared Access Signature	[Use Triage Mode (-t) to output matching details.]
PG.PampersClub-Services\WebJobs\Notifications\HospitalBagList_Notification\appsettings.json	14		CSCAN-AZURE0020 Azure SQL Connection String	[Use Triage Mode (-t) to output matching details.]
PG.PampersClub-Services\WebJobs\Notifications\HospitalBagList_Notification\appsettings.json	15		CSCAN-AZURE0020 Azure SQL Connection String	[Use Triage Mode (-t) to output matching details.]
PG.PampersClub-Services\WebJobs\NotificationsPH\DailyTip_PregnancyDadNotification\appsettings.json	6		CSCAN-AZURE0030 Azure Service Bus Shared Access Signature	[Use Triage Mode (-t) to output matching details.]
PG.PampersClub-Services\WebJobs\NotificationsPH\DailyTip_PregnancyDadNotification\appsettings.json	9		CSCAN-AZURE0030 Azure Service Bus Shared Access Signature	[Use Triage Mode (-t) to output matching details.]
PG.PampersClub-Services\WebJobs\NotificationsPH\DailyTip_PregnancyDadNotification\appsettings.json	14		CSCAN-AZURE0020 Azure SQL Connection String	[Use Triage Mode (-t) to output matching details.]
PG.PampersClub-Services\WebJobs\NotificationsPH\DailyTip_PregnancyDadNotification\appsettings.json	15		CSCAN-AZURE0020 Azure SQL Connection String	[Use Triage Mode (-t) to output matching details.]
PG.PampersClub-Services\WebJobs\Notifications\PregnancyThisWeek_Notification\appsettings.json	6		CSCAN-AZURE0030 Azure Service Bus Shared Access Signature	[Use Triage Mode (-t) to output matching details.]
PG.PampersClub-Services\WebJobs\Notifications\PregnancyThisWeek_Notification\appsettings.json	9		CSCAN-AZURE0030 Azure Service Bus Shared Access Signature	[Use Triage Mode (-t) to output matching details.]
PG.PampersClub-Services\WebJobs\Notifications\PregnancyThisWeek_Notification\appsettings.json	14		CSCAN-AZURE0020 Azure SQL Connection String	[Use Triage Mode (-t) to output matching details.]
PG.PampersClub-Services\WebJobs\Notifications\PregnancyThisWeek_Notification\appsettings.json	15		CSCAN-AZURE0020 Azure SQL Connection String	[Use Triage Mode (-t) to output matching details.]
PG.PampersClub-Services\WebJobs\NotificationsPH\VaccinationMonth_Notification\appsettings.json	6		CSCAN-AZURE0030 Azure Service Bus Shared Access Signature	[Use Triage Mode (-t) to output matching details.]
PG.PampersClub-Services\WebJobs\NotificationsPH\VaccinationMonth_Notification\appsettings.json	9		CSCAN-AZURE0030 Azure Service Bus Shared Access Signature	[Use Triage Mode (-t) to output matching details.]
PG.PampersClub-Services\WebJobs\NotificationsPH\VaccinationMonth_Notification\appsettings.json	14		CSCAN-AZURE0020 Azure SQL Connection String	[Use Triage Mode (-t) to output matching details.]
PG.PampersClub-Services\WebJobs\NotificationsPH\VaccinationMonth_Notification\appsettings.json	15		CSCAN-AZURE0020 Azure SQL Connection String	[Use Triage Mode (-t) to output matching details.]
PG.PampersClub-Services\WebJobs\Notifications\ProductRecommender_Notification\appsettings.json	6		CSCAN-AZURE0030 Azure Service Bus Shared Access Signature	[Use Triage Mode (-t) to output matching details.]
PG.PampersClub-Services\WebJobs\Notifications\ProductRecommender_Notification\appsettings.json	9		CSCAN-AZURE0030 Azure Service Bus Shared Access Signature	[Use Triage Mode (-t) to output matching details.]
PG.PampersClub-Services\WebJobs\Notifications\ProductRecommender_Notification\appsettings.json	14		CSCAN-AZURE0020 Azure SQL Connection String	[Use Triage Mode (-t) to output matching details.]
PG.PampersClub-Services\WebJobs\Notifications\ProductRecommender_Notification\appsettings.json	15		CSCAN-AZURE0020 Azure SQL Connection String	[Use Triage Mode (-t) to output matching details.]
PG.PampersClub-Services\WebJobs\NotificationsPH\VaccinationOverDue_Notification\appsettings.json	6		CSCAN-AZURE0030 Azure Service Bus Shared Access Signature	[Use Triage Mode (-t) to output matching details.]
PG.PampersClub-Services\WebJobs\NotificationsPH\VaccinationOverDue_Notification\appsettings.json	9		CSCAN-AZURE0030 Azure Service Bus Shared Access Signature	[Use Triage Mode (-t) to output matching details.]
PG.PampersClub-Services\WebJobs\NotificationsPH\VaccinationOverDue_Notification\appsettings.json	14		CSCAN-AZURE0020 Azure SQL Connection String	[Use Triage Mode (-t) to output matching details.]
PG.PampersClub-Services\WebJobs\NotificationsPH\VaccinationOverDue_Notification\appsettings.json	15		CSCAN-AZURE0020 Azure SQL Connection String	[Use Triage Mode (-t) to output matching details.]
PG.PampersClub-Services\WebJobs\Notifications\InsertSegmentDataWebJob\appsettings.json	6		CSCAN-AZURE0030 Azure Service Bus Shared Access Signature	[Use Triage Mode (-t) to output matching details.]
PG.PampersClub-Services\WebJobs\Notifications\InsertSegmentDataWebJob\appsettings.json	9		CSCAN-AZURE0030 Azure Service Bus Shared Access Signature	[Use Triage Mode (-t) to output matching details.]
PG.PampersClub-Services\WebJobs\Notifications\InsertSegmentDataWebJob\appsettings.json	14		CSCAN-AZURE0020 Azure SQL Connection String	[Use Triage Mode (-t) to output matching details.]
PG.PampersClub-Services\WebJobs\Notifications\InsertSegmentDataWebJob\appsettings.json	15		CSCAN-AZURE0020 Azure SQL Connection String	[Use Triage Mode (-t) to output matching details.]
PG.PampersClub-Services\WebJobs\Notifications\InsertSegmentDataWebJob\appsettings.json	16		CSCAN-AZURE0020 Azure SQL Connection String	[Use Triage Mode (-t) to output matching details.]
PG.PampersClub-Services\WebJobs\NotificationsPH\DailyTip_PregnancyMomNotification\appsettings.json	6		CSCAN-AZURE0030 Azure Service Bus Shared Access Signature	[Use Triage Mode (-t) to output matching details.]
PG.PampersClub-Services\WebJobs\NotificationsPH\DailyTip_PregnancyMomNotification\appsettings.json	9		CSCAN-AZURE0030 Azure Service Bus Shared Access Signature	[Use Triage Mode (-t) to output matching details.]
PG.PampersClub-Services\WebJobs\NotificationsPH\DailyTip_PregnancyMomNotification\appsettings.json	14		CSCAN-AZURE0020 Azure SQL Connection String	[Use Triage Mode (-t) to output matching details.]
PG.PampersClub-Services\WebJobs\NotificationsPH\DailyTip_PregnancyMomNotification\appsettings.json	15		CSCAN-AZURE0020 Azure SQL Connection String	[Use Triage Mode (-t) to output matching details.]
PG.PampersClub-Services\WebJobs\Notifications\ProudParents_Notification\appsettings.json	6		CSCAN-AZURE0030 Azure Service Bus Shared Access Signature	[Use Triage Mode (-t) to output matching details.]
PG.PampersClub-Services\WebJobs\Notifications\ProudParents_Notification\appsettings.json	9		CSCAN-AZURE0030 Azure Service Bus Shared Access Signature	[Use Triage Mode (-t) to output matching details.]
PG.PampersClub-Services\WebJobs\Notifications\ProudParents_Notification\appsettings.json	14		CSCAN-AZURE0020 Azure SQL Connection String	[Use Triage Mode (-t) to output matching details.]
PG.PampersClub-Services\WebJobs\Notifications\ProudParents_Notification\appsettings.json	15		CSCAN-AZURE0020 Azure SQL Connection String	[Use Triage Mode (-t) to output matching details.]
PG.PampersClub-Services\WebJobs\PG.Pampers.Common\PG.Pampers.CommonProcessing\appsettings.json	7		CSCAN-AZURE0030 Azure Service Bus Shared Access Signature	[Use Triage Mode (-t) to output matching details.]
PG.PampersClub-Services\WebJobs\PG.Pampers.Common\PG.Pampers.CommonProcessing\appsettings.json	10		CSCAN-AZURE0030 Azure Service Bus Shared Access Signature	[Use Triage Mode (-t) to output matching details.]
PG.PampersClub-Services\WebJobs\PG.Pampers.Common\PG.Pampers.CommonProcessing\appsettings.json	15		CSCAN-AZURE0020 Azure SQL Connection String	[Use Triage Mode (-t) to output matching details.]
PG.PampersClub-Services\WebJobs\PG.Pampers.Common\PG.Pampers.CommonProcessing\appsettings.json	16		CSCAN-AZURE0020 Azure SQL Connection String	[Use Triage Mode (-t) to output matching details.]
PG.PampersClub-Services\WebJobs\PG.Pampers.Common\PG.Pampers.CommonProcessing\appsettings.json	4		CSCAN-GENERAL0130 Client Secret / Api Key	[Use Triage Mode (-t) to output matching details.]
PG.PampersClub-Services\WebJobs\Notifications\TellaFriend_Notification\appsettings.json	6		CSCAN-AZURE0030 Azure Service Bus Shared Access Signature	[Use Triage Mode (-t) to output matching details.]
PG.PampersClub-Services\WebJobs\Notifications\TellaFriend_Notification\appsettings.json	9		CSCAN-AZURE0030 Azure Service Bus Shared Access Signature	[Use Triage Mode (-t) to output matching details.]
PG.PampersClub-Services\WebJobs\Notifications\TellaFriend_Notification\appsettings.json	14		CSCAN-AZURE0020 Azure SQL Connection String	[Use Triage Mode (-t) to output matching details.]
PG.PampersClub-Services\WebJobs\Notifications\TellaFriend_Notification\appsettings.json	15		CSCAN-AZURE0020 Azure SQL Connection String	[Use Triage Mode (-t) to output matching details.]
PG.PampersClub-Services\WebJobs\PG.Pampers.Common\PG.Pampers.CommonProcessing\Constants.cs	95		CSCAN-AZURE0030 Azure Service Bus Shared Access Signature	[Use Triage Mode (-t) to output matching details.]
PG.PampersClub-Services\WebJobs\PG.Pampers.Common\PG.Pampers.CommonProcessing\Constants.cs	112		CSCAN-AZURE0030 Azure Service Bus Shared Access Signature	[Use Triage Mode (-t) to output matching details.]
PG.PampersClub-Services\WebJobs\PG.Pampers.Common\PG.Pampers.CommonProcessing\Constants.cs	107		CSCAN-AZURE0120 Azure Function Master/API Key	[Use Triage Mode (-t) to output matching details.]
PG.PampersClub-Services\WebJobs\NotificationsPH\DueDateIsCrossed_ConfettiData\appsettings.json	6		CSCAN-AZURE0030 Azure Service Bus Shared Access Signature	[Use Triage Mode (-t) to output matching details.]
PG.PampersClub-Services\WebJobs\NotificationsPH\DueDateIsCrossed_ConfettiData\appsettings.json	9		CSCAN-AZURE0030 Azure Service Bus Shared Access Signature	[Use Triage Mode (-t) to output matching details.]
PG.PampersClub-Services\WebJobs\NotificationsPH\DueDateIsCrossed_ConfettiData\appsettings.json	14		CSCAN-AZURE0020 Azure SQL Connection String	[Use Triage Mode (-t) to output matching details.]
PG.PampersClub-Services\WebJobs\NotificationsPH\DueDateIsCrossed_ConfettiData\appsettings.json	15		CSCAN-AZURE0020 Azure SQL Connection String	[Use Triage Mode (-t) to output matching details.]
PG.PampersClub-Services\WebJobs\Notifications\TrackBabysGrowth_Notification\appsettings.json	6		CSCAN-AZURE0030 Azure Service Bus Shared Access Signature	[Use Triage Mode (-t) to output matching details.]
PG.PampersClub-Services\WebJobs\Notifications\TrackBabysGrowth_Notification\appsettings.json	9		CSCAN-AZURE0030 Azure Service Bus Shared Access Signature	[Use Triage Mode (-t) to output matching details.]
PG.PampersClub-Services\WebJobs\Notifications\TrackBabysGrowth_Notification\appsettings.json	14		CSCAN-AZURE0020 Azure SQL Connection String	[Use Triage Mode (-t) to output matching details.]
PG.PampersClub-Services\WebJobs\Notifications\TrackBabysGrowth_Notification\appsettings.json	15		CSCAN-AZURE0020 Azure SQL Connection String	[Use Triage Mode (-t) to output matching details.]
PG.PampersClub-Services\WebJobs\NotificationsPH\InAppPromo_Notification\appsettings.json	6		CSCAN-AZURE0030 Azure Service Bus Shared Access Signature	[Use Triage Mode (-t) to output matching details.]
PG.PampersClub-Services\WebJobs\NotificationsPH\InAppPromo_Notification\appsettings.json	9		CSCAN-AZURE0030 Azure Service Bus Shared Access Signature	[Use Triage Mode (-t) to output matching details.]
PG.PampersClub-Services\WebJobs\NotificationsPH\InAppPromo_Notification\appsettings.json	14		CSCAN-AZURE0020 Azure SQL Connection String	[Use Triage Mode (-t) to output matching details.]
PG.PampersClub-Services\WebJobs\NotificationsPH\InAppPromo_Notification\appsettings.json	15		CSCAN-AZURE0020 Azure SQL Connection String	[Use Triage Mode (-t) to output matching details.]
PG.PampersClub-Services\WebJobs\Notifications\TriggerNeuStarJob\appsettings.json	6		CSCAN-AZURE0030 Azure Service Bus Shared Access Signature	[Use Triage Mode (-t) to output matching details.]
PG.PampersClub-Services\WebJobs\Notifications\TriggerNeuStarJob\appsettings.json	9		CSCAN-AZURE0030 Azure Service Bus Shared Access Signature	[Use Triage Mode (-t) to output matching details.]
PG.PampersClub-Services\WebJobs\Notifications\TriggerNeuStarJob\appsettings.json	14		CSCAN-AZURE0020 Azure SQL Connection String	[Use Triage Mode (-t) to output matching details.]
PG.PampersClub-Services\WebJobs\Notifications\TriggerNeuStarJob\appsettings.json	15		CSCAN-AZURE0020 Azure SQL Connection String	[Use Triage Mode (-t) to output matching details.]
PG.PampersClub-Services\WebJobs\NotificationsPH\InstantaneousNotification\appsettings.json	6		CSCAN-AZURE0030 Azure Service Bus Shared Access Signature	[Use Triage Mode (-t) to output matching details.]
PG.PampersClub-Services\WebJobs\NotificationsPH\InstantaneousNotification\appsettings.json	9		CSCAN-AZURE0030 Azure Service Bus Shared Access Signature	[Use Triage Mode (-t) to output matching details.]
PG.PampersClub-Services\WebJobs\NotificationsPH\InstantaneousNotification\appsettings.json	14		CSCAN-AZURE0020 Azure SQL Connection String	[Use Triage Mode (-t) to output matching details.]
PG.PampersClub-Services\WebJobs\NotificationsPH\InstantaneousNotification\appsettings.json	15		CSCAN-AZURE0020 Azure SQL Connection String	[Use Triage Mode (-t) to output matching details.]
PG.PampersClub-Services\WebJobs\Notifications\VaccinationMonth_Notification\appsettings.json	6		CSCAN-AZURE0030 Azure Service Bus Shared Access Signature	[Use Triage Mode (-t) to output matching details.]
PG.PampersClub-Services\WebJobs\Notifications\VaccinationMonth_Notification\appsettings.json	9		CSCAN-AZURE0030 Azure Service Bus Shared Access Signature	[Use Triage Mode (-t) to output matching details.]
PG.PampersClub-Services\WebJobs\Notifications\VaccinationMonth_Notification\appsettings.json	14		CSCAN-AZURE0020 Azure SQL Connection String	[Use Triage Mode (-t) to output matching details.]
PG.PampersClub-Services\WebJobs\Notifications\VaccinationMonth_Notification\appsettings.json	15		CSCAN-AZURE0020 Azure SQL Connection String	[Use Triage Mode (-t) to output matching details.]
PG.PampersClub-Services\WebJobs\NotificationsPH\LuckyDrawWinner_Notification\appsettings.json	7		CSCAN-AZURE0030 Azure Service Bus Shared Access Signature	[Use Triage Mode (-t) to output matching details.]
PG.PampersClub-Services\WebJobs\NotificationsPH\LuckyDrawWinner_Notification\appsettings.json	10		CSCAN-AZURE0030 Azure Service Bus Shared Access Signature	[Use Triage Mode (-t) to output matching details.]
PG.PampersClub-Services\WebJobs\NotificationsPH\LuckyDrawWinner_Notification\appsettings.json	15		CSCAN-AZURE0020 Azure SQL Connection String	[Use Triage Mode (-t) to output matching details.]
PG.PampersClub-Services\WebJobs\NotificationsPH\LuckyDrawWinner_Notification\appsettings.json	16		CSCAN-AZURE0020 Azure SQL Connection String	[Use Triage Mode (-t) to output matching details.]
PG.PampersClub-Services\WebJobs\NotificationsPH\LuckyDrawWinner_Notification\appsettings.json	4		CSCAN-GENERAL0130 Client Secret / Api Key	[Use Triage Mode (-t) to output matching details.]
PG.PampersClub-Services\WebJobs\NotificationsPH\LuckyDrawWinner_Notification\Program.cs	26		CSCAN-GENERAL0130 Client Secret / Api Key	[Use Triage Mode (-t) to output matching details.]
PG.PampersClub-Services\WebJobs\Notifications\VaccinationOverDue_Notification\appsettings.json	6		CSCAN-AZURE0030 Azure Service Bus Shared Access Signature	[Use Triage Mode (-t) to output matching details.]
PG.PampersClub-Services\WebJobs\Notifications\VaccinationOverDue_Notification\appsettings.json	9		CSCAN-AZURE0030 Azure Service Bus Shared Access Signature	[Use Triage Mode (-t) to output matching details.]
PG.PampersClub-Services\WebJobs\Notifications\VaccinationOverDue_Notification\appsettings.json	14		CSCAN-AZURE0020 Azure SQL Connection String	[Use Triage Mode (-t) to output matching details.]
PG.PampersClub-Services\WebJobs\Notifications\VaccinationOverDue_Notification\appsettings.json	15		CSCAN-AZURE0020 Azure SQL Connection String	[Use Triage Mode (-t) to output matching details.]
PG.PampersClub-Services\WebJobs\NotificationsPH\NewContest_Notification\appsettings.json	6		CSCAN-AZURE0030 Azure Service Bus Shared Access Signature	[Use Triage Mode (-t) to output matching details.]
PG.PampersClub-Services\WebJobs\NotificationsPH\NewContest_Notification\appsettings.json	9		CSCAN-AZURE0030 Azure Service Bus Shared Access Signature	[Use Triage Mode (-t) to output matching details.]
PG.PampersClub-Services\WebJobs\NotificationsPH\NewContest_Notification\appsettings.json	14		CSCAN-AZURE0020 Azure SQL Connection String	[Use Triage Mode (-t) to output matching details.]
PG.PampersClub-Services\WebJobs\NotificationsPH\NewContest_Notification\appsettings.json	15		CSCAN-AZURE0020 Azure SQL Connection String	[Use Triage Mode (-t) to output matching details.]
PG.PampersClub-Services\WebJobs\Notifications\WeMissedYou_Notification\appsettings.json	6		CSCAN-AZURE0030 Azure Service Bus Shared Access Signature	[Use Triage Mode (-t) to output matching details.]
PG.PampersClub-Services\WebJobs\Notifications\WeMissedYou_Notification\appsettings.json	9		CSCAN-AZURE0030 Azure Service Bus Shared Access Signature	[Use Triage Mode (-t) to output matching details.]
PG.PampersClub-Services\WebJobs\Notifications\WeMissedYou_Notification\appsettings.json	14		CSCAN-AZURE0020 Azure SQL Connection String	[Use Triage Mode (-t) to output matching details.]
PG.PampersClub-Services\WebJobs\Notifications\WeMissedYou_Notification\appsettings.json	15		CSCAN-AZURE0020 Azure SQL Connection String	[Use Triage Mode (-t) to output matching details.]
PG.PampersClub-Services\WebJobs\NotificationsPH\ProductRecommender_Notification\appsettings.json	6		CSCAN-AZURE0030 Azure Service Bus Shared Access Signature	[Use Triage Mode (-t) to output matching details.]
PG.PampersClub-Services\WebJobs\NotificationsPH\ProductRecommender_Notification\appsettings.json	9		CSCAN-AZURE0030 Azure Service Bus Shared Access Signature	[Use Triage Mode (-t) to output matching details.]
PG.PampersClub-Services\WebJobs\NotificationsPH\ProductRecommender_Notification\appsettings.json	14		CSCAN-AZURE0020 Azure SQL Connection String	[Use Triage Mode (-t) to output matching details.]
PG.PampersClub-Services\WebJobs\NotificationsPH\ProductRecommender_Notification\appsettings.json	15		CSCAN-AZURE0020 Azure SQL Connection String	[Use Triage Mode (-t) to output matching details.]
PG.PampersClub-Services\WebJobs\NotificationsPH\PromoNotifForNBSizes_Notification\appsettings.json	6		CSCAN-AZURE0030 Azure Service Bus Shared Access Signature	[Use Triage Mode (-t) to output matching details.]
PG.PampersClub-Services\WebJobs\NotificationsPH\PromoNotifForNBSizes_Notification\appsettings.json	9		CSCAN-AZURE0030 Azure Service Bus Shared Access Signature	[Use Triage Mode (-t) to output matching details.]
PG.PampersClub-Services\WebJobs\NotificationsPH\PromoNotifForNBSizes_Notification\appsettings.json	14		CSCAN-AZURE0020 Azure SQL Connection String	[Use Triage Mode (-t) to output matching details.]
PG.PampersClub-Services\WebJobs\NotificationsPH\PromoNotifForNBSizes_Notification\appsettings.json	15		CSCAN-AZURE0020 Azure SQL Connection String	[Use Triage Mode (-t) to output matching details.]
PG.PampersClub-Services\WebJobs\NotificationsPH\ProudParents_Notification\appsettings.json	6		CSCAN-AZURE0030 Azure Service Bus Shared Access Signature	[Use Triage Mode (-t) to output matching details.]
PG.PampersClub-Services\WebJobs\NotificationsPH\ProudParents_Notification\appsettings.json	9		CSCAN-AZURE0030 Azure Service Bus Shared Access Signature	[Use Triage Mode (-t) to output matching details.]
PG.PampersClub-Services\WebJobs\NotificationsPH\ProudParents_Notification\appsettings.json	14		CSCAN-AZURE0020 Azure SQL Connection String	[Use Triage Mode (-t) to output matching details.]
PG.PampersClub-Services\WebJobs\NotificationsPH\ProudParents_Notification\appsettings.json	15		CSCAN-AZURE0020 Azure SQL Connection String	[Use Triage Mode (-t) to output matching details.]
PG.PampersClub-Services\WebJobs\NotificationsPH\TellaFriend_Notification\appsettings.json	6		CSCAN-AZURE0030 Azure Service Bus Shared Access Signature	[Use Triage Mode (-t) to output matching details.]
PG.PampersClub-Services\WebJobs\NotificationsPH\TellaFriend_Notification\appsettings.json	9		CSCAN-AZURE0030 Azure Service Bus Shared Access Signature	[Use Triage Mode (-t) to output matching details.]
PG.PampersClub-Services\WebJobs\NotificationsPH\TellaFriend_Notification\appsettings.json	14		CSCAN-AZURE0020 Azure SQL Connection String	[Use Triage Mode (-t) to output matching details.]
PG.PampersClub-Services\WebJobs\NotificationsPH\TellaFriend_Notification\appsettings.json	15		CSCAN-AZURE0020 Azure SQL Connection String	[Use Triage Mode (-t) to output matching details.]
WebApplication\AdminPannel\src\app\shared\constants\constants.ts	25		CSCAN-GENERAL0060 General Password	[Use Triage Mode (-t) to output matching details.]
WebApplication\AdminPannel\src\app\shared\constants\constants.ts	67		CSCAN-GENERAL0060 General Password	[Use Triage Mode (-t) to output matching details.]
WebApplication\AdminPannel\src\app\shared\constants\constants.ts	75		CSCAN-GENERAL0060 General Password	[Use Triage Mode (-t) to output matching details.]
WebApplication\AdminPannel\src\app\shared\constants\constants.ts	90		CSCAN-GENERAL0060 General Password	[Use Triage Mode (-t) to output matching details.]
WebApplication\AdminPannel\src\app\shared\constants\constants.ts	99		CSCAN-GENERAL0060 General Password	[Use Triage Mode (-t) to output matching details.]
