{
  "title": "gitleaks config",
  "rules": [
    {
      "description": "AWS Manager ID",
      "regex": "(A3T[A-Z0-9]|AKIA|AGPA|AIDA|AROA|AIPA|ANPA|ANVA|ASIA)[A-Z0-9]{16}",
      "tags": [
        "key",
        "AWS"
      ]
    },
    {
      "description": "AWS Secret Key",
      "regex": "(?i)aws(.{0,20})?(?-i)['\\\"][0-9a-zA-Z\\/+]{40}['\\\"]",
      "tags": [
        "key",
        "AWS"
      ]
    },
    {
      "description": "AWS MWS key",
      "regex": "amzn\\.mws\\.[0-9a-f]{8}-[0-9a-f]{4}-[0-9a-f]{4}-[0-9a-f]{4}-[0-9a-f]{12}",
      "tags": [
        "key",
        "AWS",
        "MWS"
      ]
    },
    {
      "description": "Facebook Secret Key",
      "regex": "(?i)(facebook|fb)(.{0,20})?(?-i)['\\\"][0-9a-f]{32}['\\\"]",
      "tags": [
        "key",
        "Facebook"
      ]
    },
    {
      "description": "Facebook Client ID",
      "regex": "(?i)(facebook|fb)(.{0,20})?['\\\"][0-9]{13,17}['\\\"]",
      "tags": [
        "key",
        "Facebook"
      ]
    },
    {
      "description": "Twitter Secret Key",
      "regex": "(?i)twitter(.{0,20})?['\\\"][0-9a-z]{35,44}['\\\"]",
      "tags": [
        "key",
        "Twitter"
      ]
    },
    {
      "description": "Twitter Client ID",
      "regex": "(?i)twitter(.{0,20})?['\\\"][0-9a-z]{18,25}['\\\"]",
      "tags": [
        "client",
        "Twitter"
      ]
    },
    {
      "description": "Github",
      "regex": "(?i)github(.{0,20})?(?-i)['\\\"][0-9a-zA-Z]{35,40}['\\\"]",
      "tags": [
        "key",
        "Github"
      ]
    },
    {
      "description": "LinkedIn Client ID",
      "regex": "(?i)linkedin(.{0,20})?(?-i)['\\\"][0-9a-z]{12}['\\\"]",
      "tags": [
        "client",
        "LinkedIn"
      ]
    },
    {
      "description": "LinkedIn Secret Key",
      "regex": "(?i)linkedin(.{0,20})?['\\\"][0-9a-z]{16}['\\\"]",
      "tags": [
        "secret",
        "LinkedIn"
      ]
    },
    {
      "description": "Slack",
      "regex": "xox[baprs]-([0-9a-zA-Z]{10,48})?",
      "tags": [
        "key",
        "Slack"
      ]
    },
    {
      "description": "Asymmetric Private Key",
      "regex": "-----BEGIN ((EC|PGP|DSA|RSA|OPENSSH) )?PRIVATE KEY( BLOCK)?-----",
      "tags": [
        "key",
        "AsymmetricPrivateKey"
      ]
    },
    {
      "description": "Generic Credential",
      "regex": "(?i)(api_key|apikey|secret)(.{0,20})?['|\"][0-9a-zA-Z]{16,45}['|\"]",
      "tags": [
        "key",
        "API",
        "generic"
      ]
    },
    {
      "description": "Google API key",
      "regex": "AIza[0-9A-Za-z\\\\-_]{35}",
      "tags": [
        "key",
        "Google"
      ]
    },
    {
      "description": "Heroku API key",
      "regex": "(?i)heroku(.{0,20})?['\"][0-9a-f]{8}-[0-9a-f]{4}-[0-9a-f]{4}-[0-9a-f]{12}['\"]",
      "tags": [
        "key",
        "Heroku"
      ]
    },
    {
      "description": "MailChimp API key",
      "regex": "(?i)(mailchimp|mc)(.{0,20})?['\"][0-9a-f]{32}-us[0-9]{1,2}['\"]",
      "tags": [
        "key",
        "Mailchimp"
      ]
    },
    {
      "description": "Mailgun API key",
      "regex": "(?i)(mailgun|mg)(.{0,20})?['\"][0-9a-z]{32}['\"]",
      "tags": [
        "key",
        "Mailgun"
      ]
    },
    {
      "description": "PayPal Braintree access token",
      "regex": "access_token\\$production\\$[0-9a-z]{16}\\$[0-9a-f]{32}",
      "tags": [
        "key",
        "Paypal"
      ]
    },
    {
      "description": "Picatic API key",
      "regex": "sk_live_[0-9a-z]{32}",
      "tags": [
        "key",
        "Picatic"
      ]
    },
    {
      "description": "SendGrid API Key",
      "regex": "SG\\.[\\w_]{16,32}\\.[\\w_]{16,64}",
      "tags": [
        "key",
        "SendGrid"
      ]
    },
    {
      "description": "Slack Webhook",
      "regex": "https://hooks.slack.com/services/T[a-zA-Z0-9_]{8}/B[a-zA-Z0-9_]{8}/[a-zA-Z0-9_]{24}",
      "tags": [
        "key",
        "slack"
      ]
    },
    {
      "description": "Stripe API key",
      "regex": "(?i)stripe(.{0,20})?['\\\"][sk|rk]_live_[0-9a-zA-Z]{24}",
      "tags": [
        "key",
        "Stripe"
      ]
    },
    {
      "description": "Square access token",
      "regex": "sq0atp-[0-9A-Za-z\\-_]{22}",
      "tags": [
        "key",
        "square"
      ]
    },
    {
      "description": "Square OAuth secret",
      "regex": "sq0csp-[0-9A-Za-z\\\\-_]{43}",
      "tags": [
        "key",
        "square"
      ]
    },
    {
      "description": "Twilio API key",
      "regex": "(?i)twilio(.{0,20})?['\\\"][0-9a-f]{32}['\\\"]",
      "tags": [
        "key",
        "twilio"
      ]
    },
    {
      "description": "Azure Storage Account Access Key",
      "regex": "(?i)(DefaultEndpointsProtocol|AccountName|AccountKey|EndpointSuffix)\\s*=\\s*(.*){0,127}",
      "tags": [
        "key",
        "Azure",
        "Storage Account"
      ]
    },
    {
      "description": "Azure Service Bus SharedAccessSignature / SharedAccessKey / WebHookToken",
      "regex": "(?i)(Endpoint(=(\\s*)sb:\\/*)|SharedAccessKeyName|SharedAccessKey)\\s*=*\\s*(.*){0,127}",
      "tags": [
        "key",
        "Azure",
        "Storage Account"
      ]
    },
    {
      "description": "Azure Function Master/API Key",
      "regex": "(?i)(https:\\/{2})[a-zA-Z0-9-._]*(.azurewebsites.net\\/api\\/)[a-zA-Z0-9]*\\?(code)=(\\w|\\W)*",
      "tags": [
        "key",
        "Azure",
        "Function",
        "Master",
        "API"
      ]
    },
    {
      "description": "Azure Storage Account Shared Access Signature",
      "regex": "(\\?sv=[0-9]{4}-[0-9]{2}-[0-9]{2}&{1})[\\w\\W]*",
      "tags": [
        "key",
        "Azure",
        "Storage Account"
      ]
    }
  ],
  "whitelist": {
    "description": "Whitelisted files",
    "file": "(^\\.?gitleaks.toml$|(.*?)(jpg|gif|doc|pdf|bin)$)"
  }
}