"description","regex","tags"
"AWS Manager ID","(A3T[A-Z0-9]|AKIA|AGPA|AIDA|AROA|AIPA|ANPA|ANVA|ASIA)[A-Z0-9]{16}","System.Object[]"
"AWS Secret Key","(?i)aws(.{0,20})?(?-i)['\""][0-9a-zA-Z\/+]{40}['\""]","System.Object[]"
"AWS MWS key","amzn\.mws\.[0-9a-f]{8}-[0-9a-f]{4}-[0-9a-f]{4}-[0-9a-f]{4}-[0-9a-f]{12}","System.Object[]"
"Facebook Secret Key","(?i)(facebook|fb)(.{0,20})?(?-i)['\""][0-9a-f]{32}['\""]","System.Object[]"
"Facebook Client ID","(?i)(facebook|fb)(.{0,20})?['\""][0-9]{13,17}['\""]","System.Object[]"
"Twitter Secret Key","(?i)twitter(.{0,20})?['\""][0-9a-z]{35,44}['\""]","System.Object[]"
"Twitter Client ID","(?i)twitter(.{0,20})?['\""][0-9a-z]{18,25}['\""]","System.Object[]"
"Github","(?i)github(.{0,20})?(?-i)['\""][0-9a-zA-Z]{35,40}['\""]","System.Object[]"
"LinkedIn Client ID","(?i)linkedin(.{0,20})?(?-i)['\""][0-9a-z]{12}['\""]","System.Object[]"
"LinkedIn Secret Key","(?i)linkedin(.{0,20})?['\""][0-9a-z]{16}['\""]","System.Object[]"
"Slack","xox[baprs]-([0-9a-zA-Z]{10,48})?","System.Object[]"
"Asymmetric Private Key","-----BEGIN ((EC|PGP|DSA|RSA|OPENSSH) )?PRIVATE KEY( BLOCK)?-----","System.Object[]"
"Generic Credential","(?i)(api_key|apikey|secret)(.{0,20})?['|""][0-9a-zA-Z]{16,45}['|""]","System.Object[]"
"Google API key","AIza[0-9A-Za-z\\-_]{35}","System.Object[]"
"Heroku API key","(?i)heroku(.{0,20})?['""][0-9a-f]{8}-[0-9a-f]{4}-[0-9a-f]{4}-[0-9a-f]{12}['""]","System.Object[]"
"MailChimp API key","(?i)(mailchimp|mc)(.{0,20})?['""][0-9a-f]{32}-us[0-9]{1,2}['""]","System.Object[]"
"Mailgun API key","(?i)(mailgun|mg)(.{0,20})?['""][0-9a-z]{32}['""]","System.Object[]"
"PayPal Braintree access token","access_token\$production\$[0-9a-z]{16}\$[0-9a-f]{32}","System.Object[]"
"Picatic API key","sk_live_[0-9a-z]{32}","System.Object[]"
"SendGrid API Key","SG\.[\w_]{16,32}\.[\w_]{16,64}","System.Object[]"
"Slack Webhook","https://hooks.slack.com/services/T[a-zA-Z0-9_]{8}/B[a-zA-Z0-9_]{8}/[a-zA-Z0-9_]{24}","System.Object[]"
"Stripe API key","(?i)stripe(.{0,20})?['\""][sk|rk]_live_[0-9a-zA-Z]{24}","System.Object[]"
"Square access token","sq0atp-[0-9A-Za-z\-_]{22}","System.Object[]"
"Square OAuth secret","sq0csp-[0-9A-Za-z\\-_]{43}","System.Object[]"
"Twilio API key","(?i)twilio(.{0,20})?['\""][0-9a-f]{32}['\""]","System.Object[]"
"Azure Storage Account Access Key","(?i)(DefaultEndpointsProtocol|AccountName|AccountKey|EndpointSuffix)\s*=\s*(.*){0,127}","System.Object[]"
"Azure Service Bus SharedAccessSignature / SharedAccessKey / WebHookToken","(?i)(Endpoint(=(\s*)sb:\/*)|SharedAccessKeyName|SharedAccessKey)\s*=*\s*(.*){0,127}","System.Object[]"
"Azure Function Master/API Key","(?i)(https:\/{2})[a-zA-Z0-9-._]*(.azurewebsites.net\/api\/)[a-zA-Z0-9]*\?(code)=(\w|\W)*","System.Object[]"
"Azure Storage Account Shared Access Signature","(\?sv=[0-9]{4}-[0-9]{2}-[0-9]{2}&{1})[\w\W]*","System.Object[]"
