"line","lineNumber","offender","commit","repo","repoURL","leakURL","rule","commitMessage","author","email","file","date","tags"
"    ""client_secret"": ""9fh9nkyaqput25qe5bhhzvzqqpjkc86r"",","9","secret"": ""9fh9nkyaqput25qe5bhhzvzqqpjkc86r""","ea4e759156ec84d1b2fcba7ef2369d0a63f7f2b3",".","","","Generic Credential","Updated gitleaks.toml
","Sai Charan Uppari","uppari.su@pg.com","PG.PampersClub-Services/RestAPIs/PG.Admin/PG.Pampers.AdminAPI/LocalizationSettings/fil-PH/NonProd-fil-PH.json","12/10/2020 11:19:17","key, API, generic"
"    ""client_secret"": ""szvfu4myukm3u976hybrfymgmqgcbafc"",","7","secret"": ""szvfu4myukm3u976hybrfymgmqgcbafc""","ea4e759156ec84d1b2fcba7ef2369d0a63f7f2b3",".","","","Generic Credential","Updated gitleaks.toml
","Sai Charan Uppari","uppari.su@pg.com","PG.PampersClub-Services/RestAPIs/PG.Admin/PG.Pampers.AdminAPI/LocalizationSettings/fil-PH/Prod-fil-PH.json","12/10/2020 11:19:17","key, API, generic"
"    ""client_secret"": ""szvfu4myukm3u976hybrfymgmqgcbafc"",","7","secret"": ""szvfu4myukm3u976hybrfymgmqgcbafc""","ea4e759156ec84d1b2fcba7ef2369d0a63f7f2b3",".","","","Generic Credential","Updated gitleaks.toml
","Sai Charan Uppari","uppari.su@pg.com","PG.PampersClub-Services/RestAPIs/PG.Admin/PG.Pampers.AdminAPI/LocalizationSettings/fil-PH/Uat-fil-PH.json","12/10/2020 11:19:17","key, API, generic"
"    ""client_secret"": ""9fh9nkyaqput25qe5bhhzvzqqpjkc86r"",","9","secret"": ""9fh9nkyaqput25qe5bhhzvzqqpjkc86r""","ea4e759156ec84d1b2fcba7ef2369d0a63f7f2b3",".","","","Generic Credential","Updated gitleaks.toml
","Sai Charan Uppari","uppari.su@pg.com","PG.PampersClub-Services/RestAPIs/PG.Registration/PG.PampersIndiaJanrainAPI/LocalizationSettings/en-US/NonProd-en-US.json","12/10/2020 11:19:17","key, API, generic"
"    ""client_secret"": ""szvfu4myukm3u976hybrfymgmqgcbafc"",","7","secret"": ""szvfu4myukm3u976hybrfymgmqgcbafc""","ea4e759156ec84d1b2fcba7ef2369d0a63f7f2b3",".","","","Generic Credential","Updated gitleaks.toml
","Sai Charan Uppari","uppari.su@pg.com","PG.PampersClub-Services/RestAPIs/PG.Registration/PG.PampersIndiaJanrainAPI/LocalizationSettings/en-US/Prod-en-US.json","12/10/2020 11:19:17","key, API, generic"
"    ""client_secret"": ""szvfu4myukm3u976hybrfymgmqgcbafc"",","7","secret"": ""szvfu4myukm3u976hybrfymgmqgcbafc""","ea4e759156ec84d1b2fcba7ef2369d0a63f7f2b3",".","","","Generic Credential","Updated gitleaks.toml
","Sai Charan Uppari","uppari.su@pg.com","PG.PampersClub-Services/RestAPIs/PG.Registration/PG.PampersIndiaJanrainAPI/LocalizationSettings/en-US/Uat-en-US.json","12/10/2020 11:19:17","key, API, generic"
"    ""client_secret"": ""9fh9nkyaqput25qe5bhhzvzqqpjkc86r"",","9","secret"": ""9fh9nkyaqput25qe5bhhzvzqqpjkc86r""","ea4e759156ec84d1b2fcba7ef2369d0a63f7f2b3",".","","","Generic Credential","Updated gitleaks.toml
","Sai Charan Uppari","uppari.su@pg.com","PG.PampersClub-Services/RestAPIs/PG.Registration/PG.PampersIndiaJanrainAPI/LocalizationSettings/fil-PH/NonProd-fil-PH.json","12/10/2020 11:19:17","key, API, generic"
"    ""client_secret"": ""szvfu4myukm3u976hybrfymgmqgcbafc"",","7","secret"": ""szvfu4myukm3u976hybrfymgmqgcbafc""","ea4e759156ec84d1b2fcba7ef2369d0a63f7f2b3",".","","","Generic Credential","Updated gitleaks.toml
","Sai Charan Uppari","uppari.su@pg.com","PG.PampersClub-Services/RestAPIs/PG.Registration/PG.PampersIndiaJanrainAPI/LocalizationSettings/fil-PH/Prod-fil-PH.json","12/10/2020 11:19:17","key, API, generic"
"    ""client_secret"": ""szvfu4myukm3u976hybrfymgmqgcbafc"",","7","secret"": ""szvfu4myukm3u976hybrfymgmqgcbafc""","ea4e759156ec84d1b2fcba7ef2369d0a63f7f2b3",".","","","Generic Credential","Updated gitleaks.toml
","Sai Charan Uppari","uppari.su@pg.com","PG.PampersClub-Services/RestAPIs/PG.Registration/PG.PampersIndiaJanrainAPI/LocalizationSettings/fil-PH/Uat-fil-PH.json","12/10/2020 11:19:17","key, API, generic"
"////            string awsAccessKey = ""AKIAZJBK6T2BNF6PZR23"";","200","AKIAZJBK6T2BNF6PZR23","ea4e759156ec84d1b2fcba7ef2369d0a63f7f2b3",".","","","AWS Manager ID","Updated gitleaks.toml
","Sai Charan Uppari","uppari.su@pg.com","PG.PampersClub-Services/RestAPIs/PG.Registration/PG.PampersIndiaJanrainAPI/Neustar/NeustarTigger.cs","12/10/2020 11:19:17","key, AWS"
"////            string awsSecretKey = ""VrAo+fUhSsPmUJFJQHoxnh+Rt1j/E28s5epwF7zB"";","201","awsSecretKey = ""VrAo+fUhSsPmUJFJQHoxnh+Rt1j/E28s5epwF7zB""","ea4e759156ec84d1b2fcba7ef2369d0a63f7f2b3",".","","","AWS Secret Key","Updated gitleaks.toml
","Sai Charan Uppari","uppari.su@pg.com","PG.PampersClub-Services/RestAPIs/PG.Registration/PG.PampersIndiaJanrainAPI/Neustar/NeustarTigger.cs","12/10/2020 11:19:17","key, AWS"
"            string awsAccessKey = ""AKIAZJBK6T2BNF6PZR23"";","202","AKIAZJBK6T2BNF6PZR23","ea4e759156ec84d1b2fcba7ef2369d0a63f7f2b3",".","","","AWS Manager ID","Updated gitleaks.toml
","Sai Charan Uppari","uppari.su@pg.com","PG.PampersClub-Services/RestAPIs/PG.Registration/PG.PampersIndiaJanrainAPI/Neustar/NeustarTimeTigger.cs","12/10/2020 11:19:17","key, AWS"
"            string awsSecretKey = ""VrAo+fUhSsPmUJFJQHoxnh+Rt1j/E28s5epwF7zB"";","203","awsSecretKey = ""VrAo+fUhSsPmUJFJQHoxnh+Rt1j/E28s5epwF7zB""","ea4e759156ec84d1b2fcba7ef2369d0a63f7f2b3",".","","","AWS Secret Key","Updated gitleaks.toml
","Sai Charan Uppari","uppari.su@pg.com","PG.PampersClub-Services/RestAPIs/PG.Registration/PG.PampersIndiaJanrainAPI/Neustar/NeustarTimeTigger.cs","12/10/2020 11:19:17","key, AWS"
"  ////  ""client_secret"": ""9fh9nkyaqput25qe5bhhzvzqqpjkc86r"",","12","secret"": ""9fh9nkyaqput25qe5bhhzvzqqpjkc86r""","ea4e759156ec84d1b2fcba7ef2369d0a63f7f2b3",".","","","Generic Credential","Updated gitleaks.toml
","Sai Charan Uppari","uppari.su@pg.com","PG.PampersClub-Services/RestAPIs/PG.Registration/PG.PampersIndiaJanrainAPI/local.settings.json","12/10/2020 11:19:17","key, API, generic"
"    ""client_secret"": ""w5qhhytc5dxtb6j38grxhv65vschysvt"",","94","secret"": ""w5qhhytc5dxtb6j38grxhv65vschysvt""","ea4e759156ec84d1b2fcba7ef2369d0a63f7f2b3",".","","","Generic Credential","Updated gitleaks.toml
","Sai Charan Uppari","uppari.su@pg.com","PG.PampersClub-Services/RestAPIs/PG.Registration/PG.PampersIndiaJanrainAPI/local.settings.json","12/10/2020 11:19:17","key, API, generic"
"    ////""client_secret"": ""szvfu4myukm3u976hybrfymgmqgcbafc"",","102","secret"": ""szvfu4myukm3u976hybrfymgmqgcbafc""","ea4e759156ec84d1b2fcba7ef2369d0a63f7f2b3",".","","","Generic Credential","Updated gitleaks.toml
","Sai Charan Uppari","uppari.su@pg.com","PG.PampersClub-Services/RestAPIs/PG.Registration/PG.PampersIndiaJanrainAPI/local.settings.json","12/10/2020 11:19:17","key, API, generic"
"    ////""client_secret"": ""szvfu4myukm3u976hybrfymgmqgcbafc"",","110","secret"": ""szvfu4myukm3u976hybrfymgmqgcbafc""","ea4e759156ec84d1b2fcba7ef2369d0a63f7f2b3",".","","","Generic Credential","Updated gitleaks.toml
","Sai Charan Uppari","uppari.su@pg.com","PG.PampersClub-Services/RestAPIs/PG.Registration/PG.PampersIndiaJanrainAPI/local.settings.json","12/10/2020 11:19:17","key, API, generic"
"    apiKey: 'AIzaSyAhFp4oK6xUg5N8crMw7PxkMtiSdHsoxbo',","9","apiKey: 'AIzaSyAhFp4oK6xUg5N8crMw7PxkMtiSdHsoxbo'","ea4e759156ec84d1b2fcba7ef2369d0a63f7f2b3",".","","","Generic Credential","Updated gitleaks.toml
","Sai Charan Uppari","uppari.su@pg.com","PamperRewardPH/PampersRewards/src/environments/environment.prod.ts","12/10/2020 11:19:17","key, API, generic"
"    apiKey: 'AIzaSyAhFp4oK6xUg5N8crMw7PxkMtiSdHsoxbo',","9","AIzaSyAhFp4oK6xUg5N8crMw7PxkMtiSdHsoxbo","ea4e759156ec84d1b2fcba7ef2369d0a63f7f2b3",".","","","Google API key","Updated gitleaks.toml
","Sai Charan Uppari","uppari.su@pg.com","PamperRewardPH/PampersRewards/src/environments/environment.prod.ts","12/10/2020 11:19:17","key, Google"
"    apiKey: 'AIzaSyAhFp4oK6xUg5N8crMw7PxkMtiSdHsoxbo',","13","apiKey: 'AIzaSyAhFp4oK6xUg5N8crMw7PxkMtiSdHsoxbo'","ea4e759156ec84d1b2fcba7ef2369d0a63f7f2b3",".","","","Generic Credential","Updated gitleaks.toml
","Sai Charan Uppari","uppari.su@pg.com","PamperRewardPH/PampersRewards/src/environments/environment.ts","12/10/2020 11:19:17","key, API, generic"
"    apiKey: 'AIzaSyAhFp4oK6xUg5N8crMw7PxkMtiSdHsoxbo',","13","AIzaSyAhFp4oK6xUg5N8crMw7PxkMtiSdHsoxbo","ea4e759156ec84d1b2fcba7ef2369d0a63f7f2b3",".","","","Google API key","Updated gitleaks.toml
","Sai Charan Uppari","uppari.su@pg.com","PamperRewardPH/PampersRewards/src/environments/environment.ts","12/10/2020 11:19:17","key, Google"
