[
 {
  "line": "    \"client_secret\": \"9fh9nkyaqput25qe5bhhzvzqqpjkc86r\",",
  "lineNumber": 9,
  "offender": "secret\": \"9fh9nkyaqput25qe5bhhzvzqqpjkc86r\"",
  "commit": "ea4e759156ec84d1b2fcba7ef2369d0a63f7f2b3",
  "repo": ".",
  "repoURL": "",
  "leakURL": "",
  "rule": "Generic Credential",
  "commitMessage": "Updated gitleaks.toml\n",
  "author": "Sai Charan Uppari",
  "email": "uppari.su@pg.com",
  "file": "PG.PampersClub-Services/RestAPIs/PG.Admin/PG.Pampers.AdminAPI/LocalizationSettings/fil-PH/NonProd-fil-PH.json",
  "date": "2020-12-10T11:19:17Z",
  "tags": "key, API, generic"
 },
 {
  "line": "    \"client_secret\": \"szvfu4myukm3u976hybrfymgmqgcbafc\",",
  "lineNumber": 7,
  "offender": "secret\": \"szvfu4myukm3u976hybrfymgmqgcbafc\"",
  "commit": "ea4e759156ec84d1b2fcba7ef2369d0a63f7f2b3",
  "repo": ".",
  "repoURL": "",
  "leakURL": "",
  "rule": "Generic Credential",
  "commitMessage": "Updated gitleaks.toml\n",
  "author": "Sai Charan Uppari",
  "email": "uppari.su@pg.com",
  "file": "PG.PampersClub-Services/RestAPIs/PG.Admin/PG.Pampers.AdminAPI/LocalizationSettings/fil-PH/Prod-fil-PH.json",
  "date": "2020-12-10T11:19:17Z",
  "tags": "key, API, generic"
 },
 {
  "line": "    \"client_secret\": \"szvfu4myukm3u976hybrfymgmqgcbafc\",",
  "lineNumber": 7,
  "offender": "secret\": \"szvfu4myukm3u976hybrfymgmqgcbafc\"",
  "commit": "ea4e759156ec84d1b2fcba7ef2369d0a63f7f2b3",
  "repo": ".",
  "repoURL": "",
  "leakURL": "",
  "rule": "Generic Credential",
  "commitMessage": "Updated gitleaks.toml\n",
  "author": "Sai Charan Uppari",
  "email": "uppari.su@pg.com",
  "file": "PG.PampersClub-Services/RestAPIs/PG.Admin/PG.Pampers.AdminAPI/LocalizationSettings/fil-PH/Uat-fil-PH.json",
  "date": "2020-12-10T11:19:17Z",
  "tags": "key, API, generic"
 },
 {
  "line": "    \"client_secret\": \"9fh9nkyaqput25qe5bhhzvzqqpjkc86r\",",
  "lineNumber": 9,
  "offender": "secret\": \"9fh9nkyaqput25qe5bhhzvzqqpjkc86r\"",
  "commit": "ea4e759156ec84d1b2fcba7ef2369d0a63f7f2b3",
  "repo": ".",
  "repoURL": "",
  "leakURL": "",
  "rule": "Generic Credential",
  "commitMessage": "Updated gitleaks.toml\n",
  "author": "Sai Charan Uppari",
  "email": "uppari.su@pg.com",
  "file": "PG.PampersClub-Services/RestAPIs/PG.Registration/PG.PampersIndiaJanrainAPI/LocalizationSettings/en-US/NonProd-en-US.json",
  "date": "2020-12-10T11:19:17Z",
  "tags": "key, API, generic"
 },
 {
  "line": "    \"client_secret\": \"szvfu4myukm3u976hybrfymgmqgcbafc\",",
  "lineNumber": 7,
  "offender": "secret\": \"szvfu4myukm3u976hybrfymgmqgcbafc\"",
  "commit": "ea4e759156ec84d1b2fcba7ef2369d0a63f7f2b3",
  "repo": ".",
  "repoURL": "",
  "leakURL": "",
  "rule": "Generic Credential",
  "commitMessage": "Updated gitleaks.toml\n",
  "author": "Sai Charan Uppari",
  "email": "uppari.su@pg.com",
  "file": "PG.PampersClub-Services/RestAPIs/PG.Registration/PG.PampersIndiaJanrainAPI/LocalizationSettings/en-US/Prod-en-US.json",
  "date": "2020-12-10T11:19:17Z",
  "tags": "key, API, generic"
 },
 {
  "line": "    \"client_secret\": \"szvfu4myukm3u976hybrfymgmqgcbafc\",",
  "lineNumber": 7,
  "offender": "secret\": \"szvfu4myukm3u976hybrfymgmqgcbafc\"",
  "commit": "ea4e759156ec84d1b2fcba7ef2369d0a63f7f2b3",
  "repo": ".",
  "repoURL": "",
  "leakURL": "",
  "rule": "Generic Credential",
  "commitMessage": "Updated gitleaks.toml\n",
  "author": "Sai Charan Uppari",
  "email": "uppari.su@pg.com",
  "file": "PG.PampersClub-Services/RestAPIs/PG.Registration/PG.PampersIndiaJanrainAPI/LocalizationSettings/en-US/Uat-en-US.json",
  "date": "2020-12-10T11:19:17Z",
  "tags": "key, API, generic"
 },
 {
  "line": "    \"client_secret\": \"9fh9nkyaqput25qe5bhhzvzqqpjkc86r\",",
  "lineNumber": 9,
  "offender": "secret\": \"9fh9nkyaqput25qe5bhhzvzqqpjkc86r\"",
  "commit": "ea4e759156ec84d1b2fcba7ef2369d0a63f7f2b3",
  "repo": ".",
  "repoURL": "",
  "leakURL": "",
  "rule": "Generic Credential",
  "commitMessage": "Updated gitleaks.toml\n",
  "author": "Sai Charan Uppari",
  "email": "uppari.su@pg.com",
  "file": "PG.PampersClub-Services/RestAPIs/PG.Registration/PG.PampersIndiaJanrainAPI/LocalizationSettings/fil-PH/NonProd-fil-PH.json",
  "date": "2020-12-10T11:19:17Z",
  "tags": "key, API, generic"
 },
 {
  "line": "    \"client_secret\": \"szvfu4myukm3u976hybrfymgmqgcbafc\",",
  "lineNumber": 7,
  "offender": "secret\": \"szvfu4myukm3u976hybrfymgmqgcbafc\"",
  "commit": "ea4e759156ec84d1b2fcba7ef2369d0a63f7f2b3",
  "repo": ".",
  "repoURL": "",
  "leakURL": "",
  "rule": "Generic Credential",
  "commitMessage": "Updated gitleaks.toml\n",
  "author": "Sai Charan Uppari",
  "email": "uppari.su@pg.com",
  "file": "PG.PampersClub-Services/RestAPIs/PG.Registration/PG.PampersIndiaJanrainAPI/LocalizationSettings/fil-PH/Prod-fil-PH.json",
  "date": "2020-12-10T11:19:17Z",
  "tags": "key, API, generic"
 },
 {
  "line": "    \"client_secret\": \"szvfu4myukm3u976hybrfymgmqgcbafc\",",
  "lineNumber": 7,
  "offender": "secret\": \"szvfu4myukm3u976hybrfymgmqgcbafc\"",
  "commit": "ea4e759156ec84d1b2fcba7ef2369d0a63f7f2b3",
  "repo": ".",
  "repoURL": "",
  "leakURL": "",
  "rule": "Generic Credential",
  "commitMessage": "Updated gitleaks.toml\n",
  "author": "Sai Charan Uppari",
  "email": "uppari.su@pg.com",
  "file": "PG.PampersClub-Services/RestAPIs/PG.Registration/PG.PampersIndiaJanrainAPI/LocalizationSettings/fil-PH/Uat-fil-PH.json",
  "date": "2020-12-10T11:19:17Z",
  "tags": "key, API, generic"
 },
 {
  "line": "////            string awsAccessKey = \"AKIAZJBK6T2BNF6PZR23\";",
  "lineNumber": 200,
  "offender": "AKIAZJBK6T2BNF6PZR23",
  "commit": "ea4e759156ec84d1b2fcba7ef2369d0a63f7f2b3",
  "repo": ".",
  "repoURL": "",
  "leakURL": "",
  "rule": "AWS Manager ID",
  "commitMessage": "Updated gitleaks.toml\n",
  "author": "Sai Charan Uppari",
  "email": "uppari.su@pg.com",
  "file": "PG.PampersClub-Services/RestAPIs/PG.Registration/PG.PampersIndiaJanrainAPI/Neustar/NeustarTigger.cs",
  "date": "2020-12-10T11:19:17Z",
  "tags": "key, AWS"
 },
 {
  "line": "////            string awsSecretKey = \"VrAo+fUhSsPmUJFJQHoxnh+Rt1j/E28s5epwF7zB\";",
  "lineNumber": 201,
  "offender": "awsSecretKey = \"VrAo+fUhSsPmUJFJQHoxnh+Rt1j/E28s5epwF7zB\"",
  "commit": "ea4e759156ec84d1b2fcba7ef2369d0a63f7f2b3",
  "repo": ".",
  "repoURL": "",
  "leakURL": "",
  "rule": "AWS Secret Key",
  "commitMessage": "Updated gitleaks.toml\n",
  "author": "Sai Charan Uppari",
  "email": "uppari.su@pg.com",
  "file": "PG.PampersClub-Services/RestAPIs/PG.Registration/PG.PampersIndiaJanrainAPI/Neustar/NeustarTigger.cs",
  "date": "2020-12-10T11:19:17Z",
  "tags": "key, AWS"
 },
 {
  "line": "            string awsAccessKey = \"AKIAZJBK6T2BNF6PZR23\";",
  "lineNumber": 202,
  "offender": "AKIAZJBK6T2BNF6PZR23",
  "commit": "ea4e759156ec84d1b2fcba7ef2369d0a63f7f2b3",
  "repo": ".",
  "repoURL": "",
  "leakURL": "",
  "rule": "AWS Manager ID",
  "commitMessage": "Updated gitleaks.toml\n",
  "author": "Sai Charan Uppari",
  "email": "uppari.su@pg.com",
  "file": "PG.PampersClub-Services/RestAPIs/PG.Registration/PG.PampersIndiaJanrainAPI/Neustar/NeustarTimeTigger.cs",
  "date": "2020-12-10T11:19:17Z",
  "tags": "key, AWS"
 },
 {
  "line": "            string awsSecretKey = \"VrAo+fUhSsPmUJFJQHoxnh+Rt1j/E28s5epwF7zB\";",
  "lineNumber": 203,
  "offender": "awsSecretKey = \"VrAo+fUhSsPmUJFJQHoxnh+Rt1j/E28s5epwF7zB\"",
  "commit": "ea4e759156ec84d1b2fcba7ef2369d0a63f7f2b3",
  "repo": ".",
  "repoURL": "",
  "leakURL": "",
  "rule": "AWS Secret Key",
  "commitMessage": "Updated gitleaks.toml\n",
  "author": "Sai Charan Uppari",
  "email": "uppari.su@pg.com",
  "file": "PG.PampersClub-Services/RestAPIs/PG.Registration/PG.PampersIndiaJanrainAPI/Neustar/NeustarTimeTigger.cs",
  "date": "2020-12-10T11:19:17Z",
  "tags": "key, AWS"
 },
 {
  "line": "  ////  \"client_secret\": \"9fh9nkyaqput25qe5bhhzvzqqpjkc86r\",",
  "lineNumber": 12,
  "offender": "secret\": \"9fh9nkyaqput25qe5bhhzvzqqpjkc86r\"",
  "commit": "ea4e759156ec84d1b2fcba7ef2369d0a63f7f2b3",
  "repo": ".",
  "repoURL": "",
  "leakURL": "",
  "rule": "Generic Credential",
  "commitMessage": "Updated gitleaks.toml\n",
  "author": "Sai Charan Uppari",
  "email": "uppari.su@pg.com",
  "file": "PG.PampersClub-Services/RestAPIs/PG.Registration/PG.PampersIndiaJanrainAPI/local.settings.json",
  "date": "2020-12-10T11:19:17Z",
  "tags": "key, API, generic"
 },
 {
  "line": "    \"client_secret\": \"w5qhhytc5dxtb6j38grxhv65vschysvt\",",
  "lineNumber": 94,
  "offender": "secret\": \"w5qhhytc5dxtb6j38grxhv65vschysvt\"",
  "commit": "ea4e759156ec84d1b2fcba7ef2369d0a63f7f2b3",
  "repo": ".",
  "repoURL": "",
  "leakURL": "",
  "rule": "Generic Credential",
  "commitMessage": "Updated gitleaks.toml\n",
  "author": "Sai Charan Uppari",
  "email": "uppari.su@pg.com",
  "file": "PG.PampersClub-Services/RestAPIs/PG.Registration/PG.PampersIndiaJanrainAPI/local.settings.json",
  "date": "2020-12-10T11:19:17Z",
  "tags": "key, API, generic"
 },
 {
  "line": "    ////\"client_secret\": \"szvfu4myukm3u976hybrfymgmqgcbafc\",",
  "lineNumber": 102,
  "offender": "secret\": \"szvfu4myukm3u976hybrfymgmqgcbafc\"",
  "commit": "ea4e759156ec84d1b2fcba7ef2369d0a63f7f2b3",
  "repo": ".",
  "repoURL": "",
  "leakURL": "",
  "rule": "Generic Credential",
  "commitMessage": "Updated gitleaks.toml\n",
  "author": "Sai Charan Uppari",
  "email": "uppari.su@pg.com",
  "file": "PG.PampersClub-Services/RestAPIs/PG.Registration/PG.PampersIndiaJanrainAPI/local.settings.json",
  "date": "2020-12-10T11:19:17Z",
  "tags": "key, API, generic"
 },
 {
  "line": "    ////\"client_secret\": \"szvfu4myukm3u976hybrfymgmqgcbafc\",",
  "lineNumber": 110,
  "offender": "secret\": \"szvfu4myukm3u976hybrfymgmqgcbafc\"",
  "commit": "ea4e759156ec84d1b2fcba7ef2369d0a63f7f2b3",
  "repo": ".",
  "repoURL": "",
  "leakURL": "",
  "rule": "Generic Credential",
  "commitMessage": "Updated gitleaks.toml\n",
  "author": "Sai Charan Uppari",
  "email": "uppari.su@pg.com",
  "file": "PG.PampersClub-Services/RestAPIs/PG.Registration/PG.PampersIndiaJanrainAPI/local.settings.json",
  "date": "2020-12-10T11:19:17Z",
  "tags": "key, API, generic"
 },
 {
  "line": "    apiKey: 'AIzaSyAhFp4oK6xUg5N8crMw7PxkMtiSdHsoxbo',",
  "lineNumber": 9,
  "offender": "apiKey: 'AIzaSyAhFp4oK6xUg5N8crMw7PxkMtiSdHsoxbo'",
  "commit": "ea4e759156ec84d1b2fcba7ef2369d0a63f7f2b3",
  "repo": ".",
  "repoURL": "",
  "leakURL": "",
  "rule": "Generic Credential",
  "commitMessage": "Updated gitleaks.toml\n",
  "author": "Sai Charan Uppari",
  "email": "uppari.su@pg.com",
  "file": "PamperRewardPH/PampersRewards/src/environments/environment.prod.ts",
  "date": "2020-12-10T11:19:17Z",
  "tags": "key, API, generic"
 },
 {
  "line": "    apiKey: 'AIzaSyAhFp4oK6xUg5N8crMw7PxkMtiSdHsoxbo',",
  "lineNumber": 9,
  "offender": "AIzaSyAhFp4oK6xUg5N8crMw7PxkMtiSdHsoxbo",
  "commit": "ea4e759156ec84d1b2fcba7ef2369d0a63f7f2b3",
  "repo": ".",
  "repoURL": "",
  "leakURL": "",
  "rule": "Google API key",
  "commitMessage": "Updated gitleaks.toml\n",
  "author": "Sai Charan Uppari",
  "email": "uppari.su@pg.com",
  "file": "PamperRewardPH/PampersRewards/src/environments/environment.prod.ts",
  "date": "2020-12-10T11:19:17Z",
  "tags": "key, Google"
 },
 {
  "line": "    apiKey: 'AIzaSyAhFp4oK6xUg5N8crMw7PxkMtiSdHsoxbo',",
  "lineNumber": 13,
  "offender": "apiKey: 'AIzaSyAhFp4oK6xUg5N8crMw7PxkMtiSdHsoxbo'",
  "commit": "ea4e759156ec84d1b2fcba7ef2369d0a63f7f2b3",
  "repo": ".",
  "repoURL": "",
  "leakURL": "",
  "rule": "Generic Credential",
  "commitMessage": "Updated gitleaks.toml\n",
  "author": "Sai Charan Uppari",
  "email": "uppari.su@pg.com",
  "file": "PamperRewardPH/PampersRewards/src/environments/environment.ts",
  "date": "2020-12-10T11:19:17Z",
  "tags": "key, API, generic"
 },
 {
  "line": "    apiKey: 'AIzaSyAhFp4oK6xUg5N8crMw7PxkMtiSdHsoxbo',",
  "lineNumber": 13,
  "offender": "AIzaSyAhFp4oK6xUg5N8crMw7PxkMtiSdHsoxbo",
  "commit": "ea4e759156ec84d1b2fcba7ef2369d0a63f7f2b3",
  "repo": ".",
  "repoURL": "",
  "leakURL": "",
  "rule": "Google API key",
  "commitMessage": "Updated gitleaks.toml\n",
  "author": "Sai Charan Uppari",
  "email": "uppari.su@pg.com",
  "file": "PamperRewardPH/PampersRewards/src/environments/environment.ts",
  "date": "2020-12-10T11:19:17Z",
  "tags": "key, Google"
 }
]
